"","load_date","Country.Region","Province.State.x","Confirmed","Deaths","Recovered","StatePopulation","Density","Source","Level","AbbrevMatch","Province.State.y","Abbrev","Province.State"
"1",2020-03-07,"US","Alameda County, CA",2,0,0,NA,NA,NA,NA,"CA","California","Calif.","California"
"2",2020-03-08,"US","Alameda County, CA",2,0,0,NA,NA,NA,NA,"CA","California","Calif.","California"
"3",2020-03-09,"US","Alameda County, CA",2,0,0,NA,NA,NA,NA,"CA","California","Calif.","California"
"4",2020-02-21,"US","Ashland, NE",11,0,0,NA,NA,NA,NA,"NE","Nebraska","Nebr.","Nebraska"
"5",2020-03-09,"US","Bennington County, VT",1,0,0,NA,NA,NA,NA,"VT","Vermont","Vt.","Vermont"
"6",2020-03-05,"US","Bergen County, NJ",2,0,0,NA,NA,NA,NA,"NJ","New Jersey","N.J.","New Jersey"
"7",2020-03-06,"US","Bergen County, NJ",2,0,0,NA,NA,NA,NA,"NJ","New Jersey","N.J.","New Jersey"
"8",2020-03-07,"US","Bergen County, NJ",4,0,0,NA,NA,NA,NA,"NJ","New Jersey","N.J.","New Jersey"
"9",2020-03-08,"US","Bergen County, NJ",4,0,0,NA,NA,NA,NA,"NJ","New Jersey","N.J.","New Jersey"
"10",2020-03-09,"US","Bergen County, NJ",4,0,0,NA,NA,NA,NA,"NJ","New Jersey","N.J.","New Jersey"
"11",2020-03-03,"US","Berkeley, CA",1,0,0,NA,NA,NA,NA,"CA","California","Calif.","California"
"12",2020-03-04,"US","Berkeley, CA",1,0,0,NA,NA,NA,NA,"CA","California","Calif.","California"
"13",2020-03-05,"US","Berkeley, CA",1,0,0,NA,NA,NA,NA,"CA","California","Calif.","California"
"14",2020-03-06,"US","Berkeley, CA",1,0,0,NA,NA,NA,NA,"CA","California","Calif.","California"
"15",2020-03-08,"US","Berkshire County, MA",1,0,0,NA,NA,NA,NA,"MA","Massachusetts","Mass.","Massachusetts"
"16",2020-03-09,"US","Berkshire County, MA",1,0,0,NA,NA,NA,NA,"MA","Massachusetts","Mass.","Massachusetts"
"17",2020-02-01,"US","Boston, MA",1,0,0,NA,NA,NA,NA,"MA","Massachusetts","Mass.","Massachusetts"
"18",2020-02-02,"US","Boston, MA",1,0,0,NA,NA,NA,NA,"MA","Massachusetts","Mass.","Massachusetts"
"19",2020-02-03,"US","Boston, MA",1,0,0,NA,NA,NA,NA,"MA","Massachusetts","Mass.","Massachusetts"
"20",2020-02-04,"US","Boston, MA",1,0,0,NA,NA,NA,NA,"MA","Massachusetts","Mass.","Massachusetts"
"21",2020-02-05,"US","Boston, MA",1,0,0,NA,NA,NA,NA,"MA","Massachusetts","Mass.","Massachusetts"
"22",2020-02-06,"US","Boston, MA",1,0,0,NA,NA,NA,NA,"MA","Massachusetts","Mass.","Massachusetts"
"23",2020-02-07,"US","Boston, MA",1,0,0,NA,NA,NA,NA,"MA","Massachusetts","Mass.","Massachusetts"
"24",2020-02-08,"US","Boston, MA",1,0,0,NA,NA,NA,NA,"MA","Massachusetts","Mass.","Massachusetts"
"25",2020-02-09,"US","Boston, MA",1,0,0,NA,NA,NA,NA,"MA","Massachusetts","Mass.","Massachusetts"
"26",2020-02-10,"US","Boston, MA",1,0,0,NA,NA,NA,NA,"MA","Massachusetts","Mass.","Massachusetts"
"27",2020-02-11,"US","Boston, MA",1,0,0,NA,NA,NA,NA,"MA","Massachusetts","Mass.","Massachusetts"
"28",2020-02-12,"US","Boston, MA",1,0,0,NA,NA,NA,NA,"MA","Massachusetts","Mass.","Massachusetts"
"29",2020-02-13,"US","Boston, MA",1,0,0,NA,NA,NA,NA,"MA","Massachusetts","Mass.","Massachusetts"
"30",2020-02-14,"US","Boston, MA",1,0,0,NA,NA,NA,NA,"MA","Massachusetts","Mass.","Massachusetts"
"31",2020-02-15,"US","Boston, MA",1,0,0,NA,NA,NA,NA,"MA","Massachusetts","Mass.","Massachusetts"
"32",2020-02-16,"US","Boston, MA",1,0,0,NA,NA,NA,NA,"MA","Massachusetts","Mass.","Massachusetts"
"33",2020-02-17,"US","Boston, MA",1,0,0,NA,NA,NA,NA,"MA","Massachusetts","Mass.","Massachusetts"
"34",2020-02-18,"US","Boston, MA",1,0,0,NA,NA,NA,NA,"MA","Massachusetts","Mass.","Massachusetts"
"35",2020-02-19,"US","Boston, MA",1,0,0,NA,NA,NA,NA,"MA","Massachusetts","Mass.","Massachusetts"
"36",2020-02-20,"US","Boston, MA",1,0,0,NA,NA,NA,NA,"MA","Massachusetts","Mass.","Massachusetts"
"37",2020-02-21,"US","Boston, MA",1,0,0,NA,NA,NA,NA,"MA","Massachusetts","Mass.","Massachusetts"
"38",2020-02-22,"US","Boston, MA",1,0,0,NA,NA,NA,NA,"MA","Massachusetts","Mass.","Massachusetts"
"39",2020-02-23,"US","Boston, MA",1,0,0,NA,NA,NA,NA,"MA","Massachusetts","Mass.","Massachusetts"
"40",2020-02-24,"US","Boston, MA",1,0,0,NA,NA,NA,NA,"MA","Massachusetts","Mass.","Massachusetts"
"41",2020-02-25,"US","Boston, MA",1,0,0,NA,NA,NA,NA,"MA","Massachusetts","Mass.","Massachusetts"
"42",2020-02-26,"US","Boston, MA",1,0,0,NA,NA,NA,NA,"MA","Massachusetts","Mass.","Massachusetts"
"43",2020-02-27,"US","Boston, MA",1,0,0,NA,NA,NA,NA,"MA","Massachusetts","Mass.","Massachusetts"
"44",2020-02-28,"US","Boston, MA",1,0,1,NA,NA,NA,NA,"MA","Massachusetts","Mass.","Massachusetts"
"45",2020-02-29,"US","Boston, MA",1,0,1,NA,NA,NA,NA,"MA","Massachusetts","Mass.","Massachusetts"
"46",2020-03-01,"US","Boston, MA",1,0,1,NA,NA,NA,NA,"MA","Massachusetts","Mass.","Massachusetts"
"47",2020-03-02,"US","Boston, MA",1,0,1,NA,NA,NA,NA,"MA","Massachusetts","Mass.","Massachusetts"
"48",2020-03-03,"US","Boston, MA",1,0,1,NA,NA,NA,NA,"MA","Massachusetts","Mass.","Massachusetts"
"49",2020-03-04,"US","Boston, MA",1,0,1,NA,NA,NA,NA,"MA","Massachusetts","Mass.","Massachusetts"
"50",2020-03-05,"US","Boston, MA",1,0,1,NA,NA,NA,NA,"MA","Massachusetts","Mass.","Massachusetts"
"51",2020-03-07,"US","Broward County, FL",2,0,0,NA,NA,NA,NA,"FL","Florida","Fla.","Florida"
"52",2020-03-08,"US","Broward County, FL",2,0,0,NA,NA,NA,NA,"FL","Florida","Fla.","Florida"
"53",2020-03-09,"US","Broward County, FL",3,0,0,NA,NA,NA,NA,"FL","Florida","Fla.","Florida"
"54",2020-03-09,"US","Carver County, MN",1,0,0,NA,NA,NA,NA,"MN","Minnesota","Minn.","Minnesota"
"55",2020-03-07,"US","Charleston County, SC",1,0,0,NA,NA,NA,NA,"SC","South Carolina","S.C.","South Carolina"
"56",2020-03-08,"US","Charleston County, SC",1,0,0,NA,NA,NA,NA,"SC","South Carolina","S.C.","South Carolina"
"57",2020-03-09,"US","Charleston County, SC",1,0,0,NA,NA,NA,NA,"SC","South Carolina","S.C.","South Carolina"
"58",2020-03-09,"US","Charlotte County, FL",1,0,0,NA,NA,NA,NA,"FL","Florida","Fla.","Florida"
"59",2020-03-06,"US","Chatham County, NC",1,0,0,NA,NA,NA,NA,"NC","North Carolina","N.C.","North Carolina"
"60",2020-03-07,"US","Chatham County, NC",1,0,0,NA,NA,NA,NA,"NC","North Carolina","N.C.","North Carolina"
"61",2020-03-08,"US","Chatham County, NC",1,0,0,NA,NA,NA,NA,"NC","North Carolina","N.C.","North Carolina"
"62",2020-03-09,"US","Chatham County, NC",1,0,0,NA,NA,NA,NA,"NC","North Carolina","N.C.","North Carolina"
"63",2020-03-09,"US","Cherokee County, GA",1,0,0,NA,NA,NA,NA,"GA","Georgia","Ga.","Georgia"
"64",2020-02-01,"US","Chicago, IL",2,0,0,NA,NA,NA,NA,"IL","Illinois","Ill.","Illinois"
"65",2020-02-02,"US","Chicago, IL",2,0,0,NA,NA,NA,NA,"IL","Illinois","Ill.","Illinois"
"66",2020-02-03,"US","Chicago, IL",2,0,0,NA,NA,NA,NA,"IL","Illinois","Ill.","Illinois"
"67",2020-02-04,"US","Chicago, IL",2,0,0,NA,NA,NA,NA,"IL","Illinois","Ill.","Illinois"
"68",2020-02-05,"US","Chicago, IL",2,0,0,NA,NA,NA,NA,"IL","Illinois","Ill.","Illinois"
"69",2020-02-06,"US","Chicago, IL",2,0,0,NA,NA,NA,NA,"IL","Illinois","Ill.","Illinois"
"70",2020-02-07,"US","Chicago, IL",2,0,0,NA,NA,NA,NA,"IL","Illinois","Ill.","Illinois"
"71",2020-02-08,"US","Chicago, IL",2,0,0,NA,NA,NA,NA,"IL","Illinois","Ill.","Illinois"
"72",2020-02-09,"US","Chicago, IL",2,0,2,NA,NA,NA,NA,"IL","Illinois","Ill.","Illinois"
"73",2020-02-10,"US","Chicago, IL",2,0,2,NA,NA,NA,NA,"IL","Illinois","Ill.","Illinois"
"74",2020-02-11,"US","Chicago, IL",2,0,2,NA,NA,NA,NA,"IL","Illinois","Ill.","Illinois"
"75",2020-02-12,"US","Chicago, IL",2,0,2,NA,NA,NA,NA,"IL","Illinois","Ill.","Illinois"
"76",2020-02-13,"US","Chicago, IL",2,0,2,NA,NA,NA,NA,"IL","Illinois","Ill.","Illinois"
"77",2020-02-14,"US","Chicago, IL",2,0,2,NA,NA,NA,NA,"IL","Illinois","Ill.","Illinois"
"78",2020-02-15,"US","Chicago, IL",2,0,2,NA,NA,NA,NA,"IL","Illinois","Ill.","Illinois"
"79",2020-02-16,"US","Chicago, IL",2,0,2,NA,NA,NA,NA,"IL","Illinois","Ill.","Illinois"
"80",2020-02-17,"US","Chicago, IL",2,0,2,NA,NA,NA,NA,"IL","Illinois","Ill.","Illinois"
"81",2020-02-18,"US","Chicago, IL",2,0,2,NA,NA,NA,NA,"IL","Illinois","Ill.","Illinois"
"82",2020-02-19,"US","Chicago, IL",2,0,2,NA,NA,NA,NA,"IL","Illinois","Ill.","Illinois"
"83",2020-02-20,"US","Chicago, IL",2,0,2,NA,NA,NA,NA,"IL","Illinois","Ill.","Illinois"
"84",2020-02-21,"US","Chicago, IL",2,0,2,NA,NA,NA,NA,"IL","Illinois","Ill.","Illinois"
"85",2020-02-22,"US","Chicago, IL",2,0,2,NA,NA,NA,NA,"IL","Illinois","Ill.","Illinois"
"86",2020-02-23,"US","Chicago, IL",2,0,2,NA,NA,NA,NA,"IL","Illinois","Ill.","Illinois"
"87",2020-02-24,"US","Chicago, IL",2,0,2,NA,NA,NA,NA,"IL","Illinois","Ill.","Illinois"
"88",2020-02-25,"US","Chicago, IL",2,0,2,NA,NA,NA,NA,"IL","Illinois","Ill.","Illinois"
"89",2020-02-26,"US","Chicago, IL",2,0,2,NA,NA,NA,NA,"IL","Illinois","Ill.","Illinois"
"90",2020-02-27,"US","Chicago, IL",2,0,2,NA,NA,NA,NA,"IL","Illinois","Ill.","Illinois"
"91",2020-02-28,"US","Chicago, IL",2,0,2,NA,NA,NA,NA,"IL","Illinois","Ill.","Illinois"
"92",2020-02-29,"US","Chicago, IL",2,0,2,NA,NA,NA,NA,"IL","Illinois","Ill.","Illinois"
"93",2020-03-01,"US","Chicago, IL",3,0,2,NA,NA,NA,NA,"IL","Illinois","Ill.","Illinois"
"94",2020-03-05,"US","Clark County, NV",1,0,0,NA,NA,NA,NA,"NV","Nevada","Nev.","Nevada"
"95",2020-03-06,"US","Clark County, NV",1,0,0,NA,NA,NA,NA,"NV","Nevada","Nev.","Nevada"
"96",2020-03-07,"US","Clark County, NV",1,0,0,NA,NA,NA,NA,"NV","Nevada","Nev.","Nevada"
"97",2020-03-08,"US","Clark County, NV",2,0,0,NA,NA,NA,NA,"NV","Nevada","Nev.","Nevada"
"98",2020-03-09,"US","Clark County, NV",2,0,0,NA,NA,NA,NA,"NV","Nevada","Nev.","Nevada"
"99",2020-03-07,"US","Clark County, WA",1,0,0,NA,NA,NA,NA,"WA","Washington","Wash.","Washington"
"100",2020-03-08,"US","Clark County, WA",1,0,0,NA,NA,NA,NA,"WA","Washington","Wash.","Washington"
"101",2020-03-09,"US","Clark County, WA",1,0,0,NA,NA,NA,NA,"WA","Washington","Wash.","Washington"
"102",2020-03-07,"US","Cobb County, GA",1,0,0,NA,NA,NA,NA,"GA","Georgia","Ga.","Georgia"
"103",2020-03-08,"US","Cobb County, GA",1,0,0,NA,NA,NA,NA,"GA","Georgia","Ga.","Georgia"
"104",2020-03-09,"US","Cobb County, GA",3,0,0,NA,NA,NA,NA,"GA","Georgia","Ga.","Georgia"
"105",2020-03-09,"US","Collin County, TX",1,0,0,NA,NA,NA,NA,"TX","Texas","Tex.","Texas"
"106",2020-03-04,"US","Contra Costa County, CA",1,0,0,NA,NA,NA,NA,"CA","California","Calif.","California"
"107",2020-03-05,"US","Contra Costa County, CA",1,0,0,NA,NA,NA,NA,"CA","California","Calif.","California"
"108",2020-03-06,"US","Contra Costa County, CA",3,0,0,NA,NA,NA,NA,"CA","California","Calif.","California"
"109",2020-03-07,"US","Contra Costa County, CA",3,0,0,NA,NA,NA,NA,"CA","California","Calif.","California"
"110",2020-03-08,"US","Contra Costa County, CA",12,0,0,NA,NA,NA,NA,"CA","California","Calif.","California"
"111",2020-03-09,"US","Contra Costa County, CA",12,0,0,NA,NA,NA,NA,"CA","California","Calif.","California"
"112",2020-03-02,"US","Cook County, IL",4,0,2,NA,NA,NA,NA,"IL","Illinois","Ill.","Illinois"
"113",2020-03-03,"US","Cook County, IL",4,0,2,NA,NA,NA,NA,"IL","Illinois","Ill.","Illinois"
"114",2020-03-04,"US","Cook County, IL",4,0,2,NA,NA,NA,NA,"IL","Illinois","Ill.","Illinois"
"115",2020-03-05,"US","Cook County, IL",5,0,2,NA,NA,NA,NA,"IL","Illinois","Ill.","Illinois"
"116",2020-03-06,"US","Cook County, IL",5,0,2,NA,NA,NA,NA,"IL","Illinois","Ill.","Illinois"
"117",2020-03-07,"US","Cook County, IL",6,0,2,NA,NA,NA,NA,"IL","Illinois","Ill.","Illinois"
"118",2020-03-08,"US","Cook County, IL",7,0,2,NA,NA,NA,NA,"IL","Illinois","Ill.","Illinois"
"119",2020-03-09,"US","Cook County, IL",7,0,2,NA,NA,NA,NA,"IL","Illinois","Ill.","Illinois"
"120",2020-03-08,"US","Davidson County, TN",1,0,0,NA,NA,NA,NA,"TN","Tennessee","Tenn.","Tennessee"
"121",2020-03-09,"US","Davidson County, TN",1,0,0,NA,NA,NA,NA,"TN","Tennessee","Tenn.","Tennessee"
"122",2020-03-07,"US","Davis County, UT",1,0,0,NA,NA,NA,NA,"UT","Utah","Utah","Utah"
"123",2020-03-08,"US","Davis County, UT",1,0,0,NA,NA,NA,NA,"UT","Utah","Utah","Utah"
"124",2020-03-09,"US","Davis County, UT",1,0,0,NA,NA,NA,NA,"UT","Utah","Utah","Utah"
"125",2020-03-06,"US","Delaware County, PA",1,0,0,NA,NA,NA,NA,"PA","Pennsylvania","Pa.","Pennsylvania"
"126",2020-03-07,"US","Delaware County, PA",1,0,0,NA,NA,NA,NA,"PA","Pennsylvania","Pa.","Pennsylvania"
"127",2020-03-08,"US","Delaware County, PA",1,0,0,NA,NA,NA,NA,"PA","Pennsylvania","Pa.","Pennsylvania"
"128",2020-03-09,"US","Delaware County, PA",1,0,0,NA,NA,NA,NA,"PA","Pennsylvania","Pa.","Pennsylvania"
"129",2020-03-06,"US","Denver County, CO",2,0,0,NA,NA,NA,NA,"CO","Colorado","Colo.","Colorado"
"130",2020-03-07,"US","Denver County, CO",2,0,0,NA,NA,NA,NA,"CO","Colorado","Colo.","Colorado"
"131",2020-03-08,"US","Denver County, CO",2,0,0,NA,NA,NA,NA,"CO","Colorado","Colo.","Colorado"
"132",2020-03-09,"US","Denver County, CO",2,0,0,NA,NA,NA,NA,"CO","Colorado","Colo.","Colorado"
"133",2020-03-07,"US","Douglas County, CO",3,0,0,NA,NA,NA,NA,"CO","Colorado","Colo.","Colorado"
"134",2020-03-08,"US","Douglas County, CO",3,0,0,NA,NA,NA,NA,"CO","Colorado","Colo.","Colorado"
"135",2020-03-09,"US","Douglas County, CO",3,0,0,NA,NA,NA,NA,"CO","Colorado","Colo.","Colorado"
"136",2020-03-06,"US","Douglas County, NE",1,0,0,NA,NA,NA,NA,"NE","Nebraska","Nebr.","Nebraska"
"137",2020-03-07,"US","Douglas County, NE",1,0,0,NA,NA,NA,NA,"NE","Nebraska","Nebr.","Nebraska"
"138",2020-03-08,"US","Douglas County, NE",1,0,0,NA,NA,NA,NA,"NE","Nebraska","Nebr.","Nebraska"
"139",2020-03-09,"US","Douglas County, NE",3,0,0,NA,NA,NA,NA,"NE","Nebraska","Nebr.","Nebraska"
"140",2020-03-08,"US","Douglas County, OR",1,0,0,NA,NA,NA,NA,"OR","Oregon","Ore.","Oregon"
"141",2020-03-09,"US","Douglas County, OR",1,0,0,NA,NA,NA,NA,"OR","Oregon","Ore.","Oregon"
"142",2020-03-07,"US","El Paso County, CO",1,0,0,NA,NA,NA,NA,"CO","Colorado","Colo.","Colorado"
"143",2020-03-08,"US","El Paso County, CO",1,0,0,NA,NA,NA,NA,"CO","Colorado","Colo.","Colorado"
"144",2020-03-09,"US","El Paso County, CO",1,0,0,NA,NA,NA,NA,"CO","Colorado","Colo.","Colorado"
"145",2020-03-08,"US","Fairfax County, VA",2,0,0,NA,NA,NA,NA,"VA","Virginia","Va.","Virginia"
"146",2020-03-09,"US","Fairfax County, VA",2,0,0,NA,NA,NA,NA,"VA","Virginia","Va.","Virginia"
"147",2020-03-07,"US","Fairfield County, CT",2,0,0,NA,NA,NA,NA,"CT","Connecticut","Conn.","Connecticut"
"148",2020-03-08,"US","Fairfield County, CT",1,0,0,NA,NA,NA,NA,"CT","Connecticut","Conn.","Connecticut"
"149",2020-03-09,"US","Fairfield County, CT",1,0,0,NA,NA,NA,NA,"CT","Connecticut","Conn.","Connecticut"
"150",2020-03-06,"US","Fayette County, KY",1,0,0,NA,NA,NA,NA,"KY","Kentucky","Ky.","Kentucky"
"151",2020-03-07,"US","Fayette County, KY",1,0,0,NA,NA,NA,NA,"KY","Kentucky","Ky.","Kentucky"
"152",2020-03-08,"US","Fayette County, KY",1,0,0,NA,NA,NA,NA,"KY","Kentucky","Ky.","Kentucky"
"153",2020-03-09,"US","Fayette County, KY",1,0,0,NA,NA,NA,NA,"KY","Kentucky","Ky.","Kentucky"
"154",2020-03-06,"US","Floyd County, GA",1,0,0,NA,NA,NA,NA,"GA","Georgia","Ga.","Georgia"
"155",2020-03-07,"US","Floyd County, GA",2,0,0,NA,NA,NA,NA,"GA","Georgia","Ga.","Georgia"
"156",2020-03-05,"US","Fort Bend County, TX",1,0,0,NA,NA,NA,NA,"TX","Texas","Tex.","Texas"
"157",2020-03-06,"US","Fort Bend County, TX",1,0,0,NA,NA,NA,NA,"TX","Texas","Tex.","Texas"
"158",2020-03-07,"US","Fort Bend County, TX",3,0,0,NA,NA,NA,NA,"TX","Texas","Tex.","Texas"
"159",2020-03-08,"US","Fort Bend County, TX",6,0,0,NA,NA,NA,NA,"TX","Texas","Tex.","Texas"
"160",2020-03-09,"US","Fort Bend County, TX",6,0,0,NA,NA,NA,NA,"TX","Texas","Tex.","Texas"
"161",2020-03-08,"US","Fresno County, CA",1,0,0,NA,NA,NA,NA,"CA","California","Calif.","California"
"162",2020-03-09,"US","Fresno County, CA",1,0,0,NA,NA,NA,NA,"CA","California","Calif.","California"
"163",2020-03-03,"US","Fulton County, GA",2,0,0,NA,NA,NA,NA,"GA","Georgia","Ga.","Georgia"
"164",2020-03-04,"US","Fulton County, GA",2,0,0,NA,NA,NA,NA,"GA","Georgia","Ga.","Georgia"
"165",2020-03-05,"US","Fulton County, GA",2,0,0,NA,NA,NA,NA,"GA","Georgia","Ga.","Georgia"
"166",2020-03-06,"US","Fulton County, GA",2,0,0,NA,NA,NA,NA,"GA","Georgia","Ga.","Georgia"
"167",2020-03-07,"US","Fulton County, GA",3,0,0,NA,NA,NA,NA,"GA","Georgia","Ga.","Georgia"
"168",2020-03-08,"US","Fulton County, GA",3,0,0,NA,NA,NA,NA,"GA","Georgia","Ga.","Georgia"
"169",2020-03-09,"US","Fulton County, GA",5,0,0,NA,NA,NA,NA,"GA","Georgia","Ga.","Georgia"
"170",2020-03-02,"US","Grafton County, NH",1,0,0,NA,NA,NA,NA,"NH","New Hampshire","N.H.","New Hampshire"
"171",2020-03-03,"US","Grafton County, NH",2,0,0,NA,NA,NA,NA,"NH","New Hampshire","N.H.","New Hampshire"
"172",2020-03-04,"US","Grafton County, NH",2,0,0,NA,NA,NA,NA,"NH","New Hampshire","N.H.","New Hampshire"
"173",2020-03-05,"US","Grafton County, NH",2,0,0,NA,NA,NA,NA,"NH","New Hampshire","N.H.","New Hampshire"
"174",2020-03-06,"US","Grafton County, NH",2,0,0,NA,NA,NA,NA,"NH","New Hampshire","N.H.","New Hampshire"
"175",2020-03-07,"US","Grafton County, NH",2,0,0,NA,NA,NA,NA,"NH","New Hampshire","N.H.","New Hampshire"
"176",2020-03-08,"US","Grafton County, NH",4,0,0,NA,NA,NA,NA,"NH","New Hampshire","N.H.","New Hampshire"
"177",2020-03-09,"US","Grafton County, NH",4,0,0,NA,NA,NA,NA,"NH","New Hampshire","N.H.","New Hampshire"
"178",2020-03-05,"US","Grant County, WA",1,0,0,NA,NA,NA,NA,"WA","Washington","Wash.","Washington"
"179",2020-03-06,"US","Grant County, WA",1,0,0,NA,NA,NA,NA,"WA","Washington","Wash.","Washington"
"180",2020-03-07,"US","Grant County, WA",1,0,0,NA,NA,NA,NA,"WA","Washington","Wash.","Washington"
"181",2020-03-08,"US","Grant County, WA",1,0,0,NA,NA,NA,NA,"WA","Washington","Wash.","Washington"
"182",2020-03-09,"US","Grant County, WA",1,1,0,NA,NA,NA,NA,"WA","Washington","Wash.","Washington"
"183",2020-03-08,"US","Harford County, MD",1,0,0,NA,NA,NA,NA,"MD","Maryland","Md.","Maryland"
"184",2020-03-09,"US","Harford County, MD",1,0,0,NA,NA,NA,NA,"MD","Maryland","Md.","Maryland"
"185",2020-03-05,"US","Harris County, TX",2,0,0,NA,NA,NA,NA,"TX","Texas","Tex.","Texas"
"186",2020-03-06,"US","Harris County, TX",3,0,0,NA,NA,NA,NA,"TX","Texas","Tex.","Texas"
"187",2020-03-07,"US","Harris County, TX",5,0,0,NA,NA,NA,NA,"TX","Texas","Tex.","Texas"
"188",2020-03-08,"US","Harris County, TX",5,0,0,NA,NA,NA,NA,"TX","Texas","Tex.","Texas"
"189",2020-03-09,"US","Harris County, TX",6,0,0,NA,NA,NA,NA,"TX","Texas","Tex.","Texas"
"190",2020-03-09,"US","Harrison County, KY",2,0,0,NA,NA,NA,NA,"KY","Kentucky","Ky.","Kentucky"
"191",2020-03-08,"US","Hendricks County, IN",1,0,0,NA,NA,NA,NA,"IN","Indiana","Ind.","Indiana"
"192",2020-03-09,"US","Hendricks County, IN",2,0,0,NA,NA,NA,NA,"IN","Indiana","Ind.","Indiana"
"193",2020-03-02,"US","Hillsborough, FL",1,0,0,NA,NA,NA,NA,"FL","Florida","Fla.","Florida"
"194",2020-03-03,"US","Hillsborough, FL",2,0,0,NA,NA,NA,NA,"FL","Florida","Fla.","Florida"
"195",2020-03-04,"US","Hillsborough, FL",2,0,0,NA,NA,NA,NA,"FL","Florida","Fla.","Florida"
"196",2020-03-05,"US","Hillsborough, FL",2,0,0,NA,NA,NA,NA,"FL","Florida","Fla.","Florida"
"197",2020-03-06,"US","Hillsborough, FL",2,0,0,NA,NA,NA,NA,"FL","Florida","Fla.","Florida"
"198",2020-03-07,"US","Hillsborough, FL",2,0,0,NA,NA,NA,NA,"FL","Florida","Fla.","Florida"
"199",2020-03-08,"US","Hillsborough, FL",2,0,0,NA,NA,NA,NA,"FL","Florida","Fla.","Florida"
"200",2020-03-09,"US","Hillsborough, FL",2,0,0,NA,NA,NA,NA,"FL","Florida","Fla.","Florida"
"201",2020-03-07,"US","Honolulu County, HI",1,0,0,NA,NA,NA,NA,"HI","Hawaii","Hawaii","Hawaii"
"202",2020-03-08,"US","Honolulu County, HI",1,0,0,NA,NA,NA,NA,"HI","Hawaii","Hawaii","Hawaii"
"203",2020-03-09,"US","Honolulu County, HI",2,0,0,NA,NA,NA,NA,"HI","Hawaii","Hawaii","Hawaii"
"204",2020-03-08,"US","Hudson County, NJ",1,0,0,NA,NA,NA,NA,"NJ","New Jersey","N.J.","New Jersey"
"205",2020-03-09,"US","Hudson County, NJ",1,0,0,NA,NA,NA,NA,"NJ","New Jersey","N.J.","New Jersey"
"206",2020-02-21,"US","Humboldt County, CA",1,0,0,NA,NA,NA,NA,"CA","California","Calif.","California"
"207",2020-02-22,"US","Humboldt County, CA",1,0,0,NA,NA,NA,NA,"CA","California","Calif.","California"
"208",2020-02-23,"US","Humboldt County, CA",1,0,0,NA,NA,NA,NA,"CA","California","Calif.","California"
"209",2020-02-24,"US","Humboldt County, CA",1,0,0,NA,NA,NA,NA,"CA","California","Calif.","California"
"210",2020-02-25,"US","Humboldt County, CA",1,0,0,NA,NA,NA,NA,"CA","California","Calif.","California"
"211",2020-02-26,"US","Humboldt County, CA",1,0,0,NA,NA,NA,NA,"CA","California","Calif.","California"
"212",2020-02-27,"US","Humboldt County, CA",1,0,0,NA,NA,NA,NA,"CA","California","Calif.","California"
"213",2020-02-28,"US","Humboldt County, CA",1,0,0,NA,NA,NA,NA,"CA","California","Calif.","California"
"214",2020-02-29,"US","Humboldt County, CA",1,0,0,NA,NA,NA,NA,"CA","California","Calif.","California"
"215",2020-03-01,"US","Humboldt County, CA",1,0,0,NA,NA,NA,NA,"CA","California","Calif.","California"
"216",2020-03-02,"US","Humboldt County, CA",1,0,0,NA,NA,NA,NA,"CA","California","Calif.","California"
"217",2020-03-03,"US","Humboldt County, CA",1,0,0,NA,NA,NA,NA,"CA","California","Calif.","California"
"218",2020-03-04,"US","Humboldt County, CA",1,0,0,NA,NA,NA,NA,"CA","California","Calif.","California"
"219",2020-03-05,"US","Humboldt County, CA",1,0,0,NA,NA,NA,NA,"CA","California","Calif.","California"
"220",2020-03-06,"US","Humboldt County, CA",1,0,0,NA,NA,NA,NA,"CA","California","Calif.","California"
"221",2020-03-07,"US","Humboldt County, CA",1,0,0,NA,NA,NA,NA,"CA","California","Calif.","California"
"222",2020-03-08,"US","Humboldt County, CA",1,0,0,NA,NA,NA,NA,"CA","California","Calif.","California"
"223",2020-03-09,"US","Humboldt County, CA",1,0,0,NA,NA,NA,NA,"CA","California","Calif.","California"
"224",2020-03-07,"US","Jackson County, OR",1,0,0,NA,NA,NA,NA,"OR","Oregon","Ore.","Oregon"
"225",2020-03-08,"US","Jackson County, OR",2,0,0,NA,NA,NA,NA,"OR","Oregon","Ore.","Oregon"
"226",2020-03-09,"US","Jackson County, OR",2,0,0,NA,NA,NA,NA,"OR","Oregon","Ore.","Oregon"
"227",2020-03-09,"US","Jefferson County, KY",1,0,0,NA,NA,NA,NA,"KY","Kentucky","Ky.","Kentucky"
"228",2020-03-07,"US","Jefferson County, WA",1,0,0,NA,NA,NA,NA,"WA","Washington","Wash.","Washington"
"229",2020-03-08,"US","Jefferson County, WA",1,0,0,NA,NA,NA,NA,"WA","Washington","Wash.","Washington"
"230",2020-03-09,"US","Jefferson County, WA",1,0,0,NA,NA,NA,NA,"WA","Washington","Wash.","Washington"
"231",2020-03-09,"US","Jefferson Parish, LA",1,0,0,NA,NA,NA,NA,"LA","Louisiana","La.","Louisiana"
"232",2020-03-09,"US","Johnson County, IA",3,0,0,NA,NA,NA,NA,"IA","Iowa","Iowa","Iowa"
"233",2020-03-08,"US","Johnson County, KS",1,0,0,NA,NA,NA,NA,"KS","Kansas","Kans.","Kansas"
"234",2020-03-09,"US","Johnson County, KS",1,0,0,NA,NA,NA,NA,"KS","Kansas","Kans.","Kansas"
"235",2020-03-07,"US","Kershaw County, SC",1,0,0,NA,NA,NA,NA,"SC","South Carolina","S.C.","South Carolina"
"236",2020-03-08,"US","Kershaw County, SC",1,0,0,NA,NA,NA,NA,"SC","South Carolina","S.C.","South Carolina"
"237",2020-03-09,"US","Kershaw County, SC",4,0,0,NA,NA,NA,NA,"SC","South Carolina","S.C.","South Carolina"
"238",2020-03-02,"US","King County, WA",14,5,1,NA,NA,NA,NA,"WA","Washington","Wash.","Washington"
"239",2020-03-03,"US","King County, WA",21,6,1,NA,NA,NA,NA,"WA","Washington","Wash.","Washington"
"240",2020-03-04,"US","King County, WA",31,9,1,NA,NA,NA,NA,"WA","Washington","Wash.","Washington"
"241",2020-03-05,"US","King County, WA",51,10,1,NA,NA,NA,NA,"WA","Washington","Wash.","Washington"
"242",2020-03-06,"US","King County, WA",58,12,1,NA,NA,NA,NA,"WA","Washington","Wash.","Washington"
"243",2020-03-07,"US","King County, WA",71,15,1,NA,NA,NA,NA,"WA","Washington","Wash.","Washington"
"244",2020-03-08,"US","King County, WA",83,17,1,NA,NA,NA,NA,"WA","Washington","Wash.","Washington"
"245",2020-03-09,"US","King County, WA",83,17,1,NA,NA,NA,NA,"WA","Washington","Wash.","Washington"
"246",2020-03-08,"US","Kittitas County, WA",1,0,0,NA,NA,NA,NA,"WA","Washington","Wash.","Washington"
"247",2020-03-09,"US","Kittitas County, WA",1,0,0,NA,NA,NA,NA,"WA","Washington","Wash.","Washington"
"248",2020-03-07,"US","Klamath County, OR",1,0,0,NA,NA,NA,NA,"OR","Oregon","Ore.","Oregon"
"249",2020-03-08,"US","Klamath County, OR",1,0,0,NA,NA,NA,NA,"OR","Oregon","Ore.","Oregon"
"250",2020-03-09,"US","Klamath County, OR",1,0,0,NA,NA,NA,NA,"OR","Oregon","Ore.","Oregon"
"251",2020-02-21,"US","Lackland, TX",2,0,0,NA,NA,NA,NA,"TX","Texas","Tex.","Texas"
"252",2020-02-22,"US","Lackland, TX (From Diamond Princess)",2,0,0,NA,NA,NA,NA,"TX","Texas","Tex.","Texas"
"253",2020-02-23,"US","Lackland, TX (From Diamond Princess)",2,0,0,NA,NA,NA,NA,"TX","Texas","Tex.","Texas"
"254",2020-02-24,"US","Lackland, TX (From Diamond Princess)",0,0,0,NA,NA,NA,NA,"TX","Texas","Tex.","Texas"
"255",2020-02-25,"US","Lackland, TX (From Diamond Princess)",0,0,0,NA,NA,NA,NA,"TX","Texas","Tex.","Texas"
"256",2020-02-26,"US","Lackland, TX (From Diamond Princess)",0,0,0,NA,NA,NA,NA,"TX","Texas","Tex.","Texas"
"257",2020-02-27,"US","Lackland, TX (From Diamond Princess)",0,0,0,NA,NA,NA,NA,"TX","Texas","Tex.","Texas"
"258",2020-02-28,"US","Lackland, TX (From Diamond Princess)",0,0,0,NA,NA,NA,NA,"TX","Texas","Tex.","Texas"
"259",2020-02-29,"US","Lackland, TX (From Diamond Princess)",0,0,0,NA,NA,NA,NA,"TX","Texas","Tex.","Texas"
"260",2020-03-01,"US","Lackland, TX (From Diamond Princess)",0,0,0,NA,NA,NA,NA,"TX","Texas","Tex.","Texas"
"261",2020-03-02,"US","Lackland, TX (From Diamond Princess)",0,0,0,NA,NA,NA,NA,"TX","Texas","Tex.","Texas"
"262",2020-03-03,"US","Lackland, TX (From Diamond Princess)",0,0,0,NA,NA,NA,NA,"TX","Texas","Tex.","Texas"
"263",2020-03-04,"US","Lackland, TX (From Diamond Princess)",0,0,0,NA,NA,NA,NA,"TX","Texas","Tex.","Texas"
"264",2020-03-05,"US","Lackland, TX (From Diamond Princess)",0,0,0,NA,NA,NA,NA,"TX","Texas","Tex.","Texas"
"265",2020-03-06,"US","Lackland, TX (From Diamond Princess)",0,0,0,NA,NA,NA,NA,"TX","Texas","Tex.","Texas"
"266",2020-03-07,"US","Lackland, TX (From Diamond Princess)",0,0,0,NA,NA,NA,NA,"TX","Texas","Tex.","Texas"
"267",2020-03-08,"US","Lackland, TX (From Diamond Princess)",0,0,0,NA,NA,NA,NA,"TX","Texas","Tex.","Texas"
"268",2020-03-09,"US","Lackland, TX (From Diamond Princess)",0,0,0,NA,NA,NA,NA,"TX","Texas","Tex.","Texas"
"269",2020-03-07,"US","Lee County, FL",2,0,0,NA,NA,NA,NA,"FL","Florida","Fla.","Florida"
"270",2020-03-08,"US","Lee County, FL",2,1,0,NA,NA,NA,NA,"FL","Florida","Fla.","Florida"
"271",2020-03-09,"US","Lee County, FL",2,1,0,NA,NA,NA,NA,"FL","Florida","Fla.","Florida"
"272",2020-02-01,"US","Los Angeles, CA",1,0,0,NA,NA,NA,NA,"CA","California","Calif.","California"
"273",2020-02-02,"US","Los Angeles, CA",1,0,0,NA,NA,NA,NA,"CA","California","Calif.","California"
"274",2020-02-03,"US","Los Angeles, CA",1,0,0,NA,NA,NA,NA,"CA","California","Calif.","California"
"275",2020-02-04,"US","Los Angeles, CA",1,0,0,NA,NA,NA,NA,"CA","California","Calif.","California"
"276",2020-02-05,"US","Los Angeles, CA",1,0,0,NA,NA,NA,NA,"CA","California","Calif.","California"
"277",2020-02-06,"US","Los Angeles, CA",1,0,0,NA,NA,NA,NA,"CA","California","Calif.","California"
"278",2020-02-07,"US","Los Angeles, CA",1,0,0,NA,NA,NA,NA,"CA","California","Calif.","California"
"279",2020-02-08,"US","Los Angeles, CA",1,0,0,NA,NA,NA,NA,"CA","California","Calif.","California"
"280",2020-02-09,"US","Los Angeles, CA",1,0,0,NA,NA,NA,NA,"CA","California","Calif.","California"
"281",2020-02-10,"US","Los Angeles, CA",1,0,0,NA,NA,NA,NA,"CA","California","Calif.","California"
"282",2020-02-11,"US","Los Angeles, CA",1,0,0,NA,NA,NA,NA,"CA","California","Calif.","California"
"283",2020-02-12,"US","Los Angeles, CA",1,0,0,NA,NA,NA,NA,"CA","California","Calif.","California"
"284",2020-02-13,"US","Los Angeles, CA",1,0,0,NA,NA,NA,NA,"CA","California","Calif.","California"
"285",2020-02-14,"US","Los Angeles, CA",1,0,0,NA,NA,NA,NA,"CA","California","Calif.","California"
"286",2020-02-15,"US","Los Angeles, CA",1,0,0,NA,NA,NA,NA,"CA","California","Calif.","California"
"287",2020-02-16,"US","Los Angeles, CA",1,0,0,NA,NA,NA,NA,"CA","California","Calif.","California"
"288",2020-02-17,"US","Los Angeles, CA",1,0,0,NA,NA,NA,NA,"CA","California","Calif.","California"
"289",2020-02-18,"US","Los Angeles, CA",1,0,0,NA,NA,NA,NA,"CA","California","Calif.","California"
"290",2020-02-19,"US","Los Angeles, CA",1,0,0,NA,NA,NA,NA,"CA","California","Calif.","California"
"291",2020-02-20,"US","Los Angeles, CA",1,0,0,NA,NA,NA,NA,"CA","California","Calif.","California"
"292",2020-02-21,"US","Los Angeles, CA",1,0,0,NA,NA,NA,NA,"CA","California","Calif.","California"
"293",2020-02-22,"US","Los Angeles, CA",1,0,0,NA,NA,NA,NA,"CA","California","Calif.","California"
"294",2020-02-23,"US","Los Angeles, CA",1,0,0,NA,NA,NA,NA,"CA","California","Calif.","California"
"295",2020-02-24,"US","Los Angeles, CA",1,0,0,NA,NA,NA,NA,"CA","California","Calif.","California"
"296",2020-02-25,"US","Los Angeles, CA",1,0,0,NA,NA,NA,NA,"CA","California","Calif.","California"
"297",2020-02-26,"US","Los Angeles, CA",1,0,0,NA,NA,NA,NA,"CA","California","Calif.","California"
"298",2020-02-27,"US","Los Angeles, CA",1,0,0,NA,NA,NA,NA,"CA","California","Calif.","California"
"299",2020-02-28,"US","Los Angeles, CA",1,0,0,NA,NA,NA,NA,"CA","California","Calif.","California"
"300",2020-02-29,"US","Los Angeles, CA",1,0,0,NA,NA,NA,NA,"CA","California","Calif.","California"
"301",2020-03-01,"US","Los Angeles, CA",1,0,0,NA,NA,NA,NA,"CA","California","Calif.","California"
"302",2020-03-02,"US","Los Angeles, CA",1,0,0,NA,NA,NA,NA,"CA","California","Calif.","California"
"303",2020-03-03,"US","Los Angeles, CA",1,0,0,NA,NA,NA,NA,"CA","California","Calif.","California"
"304",2020-03-04,"US","Los Angeles, CA",7,0,0,NA,NA,NA,NA,"CA","California","Calif.","California"
"305",2020-03-05,"US","Los Angeles, CA",11,0,0,NA,NA,NA,NA,"CA","California","Calif.","California"
"306",2020-03-06,"US","Los Angeles, CA",13,0,0,NA,NA,NA,NA,"CA","California","Calif.","California"
"307",2020-03-07,"US","Los Angeles, CA",14,0,0,NA,NA,NA,NA,"CA","California","Calif.","California"
"308",2020-03-08,"US","Los Angeles, CA",14,0,0,NA,NA,NA,NA,"CA","California","Calif.","California"
"309",2020-03-09,"US","Los Angeles, CA",14,0,0,NA,NA,NA,NA,"CA","California","Calif.","California"
"310",2020-03-07,"US","Madera County, CA",1,0,0,NA,NA,NA,NA,"CA","California","Calif.","California"
"311",2020-03-08,"US","Madera County, CA",1,0,0,NA,NA,NA,NA,"CA","California","Calif.","California"
"312",2020-03-09,"US","Madera County, CA",1,0,0,NA,NA,NA,NA,"CA","California","Calif.","California"
"313",2020-02-05,"US","Madison, WI",1,0,0,NA,NA,NA,NA,"WI","Wisconsin","Wis.","Wisconsin"
"314",2020-02-06,"US","Madison, WI",1,0,0,NA,NA,NA,NA,"WI","Wisconsin","Wis.","Wisconsin"
"315",2020-02-07,"US","Madison, WI",1,0,0,NA,NA,NA,NA,"WI","Wisconsin","Wis.","Wisconsin"
"316",2020-02-08,"US","Madison, WI",1,0,0,NA,NA,NA,NA,"WI","Wisconsin","Wis.","Wisconsin"
"317",2020-02-09,"US","Madison, WI",1,0,0,NA,NA,NA,NA,"WI","Wisconsin","Wis.","Wisconsin"
"318",2020-02-10,"US","Madison, WI",1,0,0,NA,NA,NA,NA,"WI","Wisconsin","Wis.","Wisconsin"
"319",2020-02-11,"US","Madison, WI",1,0,0,NA,NA,NA,NA,"WI","Wisconsin","Wis.","Wisconsin"
"320",2020-02-12,"US","Madison, WI",1,0,0,NA,NA,NA,NA,"WI","Wisconsin","Wis.","Wisconsin"
"321",2020-02-13,"US","Madison, WI",1,0,0,NA,NA,NA,NA,"WI","Wisconsin","Wis.","Wisconsin"
"322",2020-02-14,"US","Madison, WI",1,0,0,NA,NA,NA,NA,"WI","Wisconsin","Wis.","Wisconsin"
"323",2020-02-15,"US","Madison, WI",1,0,0,NA,NA,NA,NA,"WI","Wisconsin","Wis.","Wisconsin"
"324",2020-02-16,"US","Madison, WI",1,0,0,NA,NA,NA,NA,"WI","Wisconsin","Wis.","Wisconsin"
"325",2020-02-17,"US","Madison, WI",1,0,0,NA,NA,NA,NA,"WI","Wisconsin","Wis.","Wisconsin"
"326",2020-02-18,"US","Madison, WI",1,0,0,NA,NA,NA,NA,"WI","Wisconsin","Wis.","Wisconsin"
"327",2020-02-19,"US","Madison, WI",1,0,0,NA,NA,NA,NA,"WI","Wisconsin","Wis.","Wisconsin"
"328",2020-02-20,"US","Madison, WI",1,0,0,NA,NA,NA,NA,"WI","Wisconsin","Wis.","Wisconsin"
"329",2020-02-21,"US","Madison, WI",1,0,0,NA,NA,NA,NA,"WI","Wisconsin","Wis.","Wisconsin"
"330",2020-02-22,"US","Madison, WI",1,0,0,NA,NA,NA,NA,"WI","Wisconsin","Wis.","Wisconsin"
"331",2020-02-23,"US","Madison, WI",1,0,0,NA,NA,NA,NA,"WI","Wisconsin","Wis.","Wisconsin"
"332",2020-02-24,"US","Madison, WI",1,0,0,NA,NA,NA,NA,"WI","Wisconsin","Wis.","Wisconsin"
"333",2020-02-25,"US","Madison, WI",1,0,0,NA,NA,NA,NA,"WI","Wisconsin","Wis.","Wisconsin"
"334",2020-02-26,"US","Madison, WI",1,0,0,NA,NA,NA,NA,"WI","Wisconsin","Wis.","Wisconsin"
"335",2020-02-27,"US","Madison, WI",1,0,0,NA,NA,NA,NA,"WI","Wisconsin","Wis.","Wisconsin"
"336",2020-02-28,"US","Madison, WI",1,0,0,NA,NA,NA,NA,"WI","Wisconsin","Wis.","Wisconsin"
"337",2020-02-29,"US","Madison, WI",1,0,0,NA,NA,NA,NA,"WI","Wisconsin","Wis.","Wisconsin"
"338",2020-03-01,"US","Madison, WI",1,0,0,NA,NA,NA,NA,"WI","Wisconsin","Wis.","Wisconsin"
"339",2020-03-02,"US","Madison, WI",1,0,0,NA,NA,NA,NA,"WI","Wisconsin","Wis.","Wisconsin"
"340",2020-03-03,"US","Madison, WI",1,0,1,NA,NA,NA,NA,"WI","Wisconsin","Wis.","Wisconsin"
"341",2020-03-04,"US","Madison, WI",1,0,1,NA,NA,NA,NA,"WI","Wisconsin","Wis.","Wisconsin"
"342",2020-03-05,"US","Madison, WI",1,0,1,NA,NA,NA,NA,"WI","Wisconsin","Wis.","Wisconsin"
"343",2020-03-06,"US","Madison, WI",1,0,1,NA,NA,NA,NA,"WI","Wisconsin","Wis.","Wisconsin"
"344",2020-03-07,"US","Madison, WI",1,0,1,NA,NA,NA,NA,"WI","Wisconsin","Wis.","Wisconsin"
"345",2020-03-08,"US","Madison, WI",1,0,1,NA,NA,NA,NA,"WI","Wisconsin","Wis.","Wisconsin"
"346",2020-03-09,"US","Madison, WI",1,0,1,NA,NA,NA,NA,"WI","Wisconsin","Wis.","Wisconsin"
"347",2020-03-08,"US","Manatee County, FL",1,0,0,NA,NA,NA,NA,"FL","Florida","Fla.","Florida"
"348",2020-03-09,"US","Manatee County, FL",2,0,0,NA,NA,NA,NA,"FL","Florida","Fla.","Florida"
"349",2020-03-03,"US","Maricopa County, AZ",1,0,0,NA,NA,NA,NA,"AZ","Arizona","Ariz.","Arizona"
"350",2020-03-04,"US","Maricopa County, AZ",1,0,0,NA,NA,NA,NA,"AZ","Arizona","Ariz.","Arizona"
"351",2020-03-05,"US","Maricopa County, AZ",1,0,0,NA,NA,NA,NA,"AZ","Arizona","Ariz.","Arizona"
"352",2020-03-06,"US","Maricopa County, AZ",2,0,0,NA,NA,NA,NA,"AZ","Arizona","Ariz.","Arizona"
"353",2020-03-07,"US","Maricopa County, AZ",3,0,1,NA,NA,NA,NA,"AZ","Arizona","Ariz.","Arizona"
"354",2020-03-08,"US","Maricopa County, AZ",3,0,1,NA,NA,NA,NA,"AZ","Arizona","Ariz.","Arizona"
"355",2020-03-09,"US","Maricopa County, AZ",3,0,1,NA,NA,NA,NA,"AZ","Arizona","Ariz.","Arizona"
"356",2020-03-06,"US","Marion County, IN",1,0,0,NA,NA,NA,NA,"IN","Indiana","Ind.","Indiana"
"357",2020-03-07,"US","Marion County, IN",1,0,0,NA,NA,NA,NA,"IN","Indiana","Ind.","Indiana"
"358",2020-03-08,"US","Marion County, IN",1,0,0,NA,NA,NA,NA,"IN","Indiana","Ind.","Indiana"
"359",2020-03-09,"US","Marion County, IN",1,0,0,NA,NA,NA,NA,"IN","Indiana","Ind.","Indiana"
"360",2020-03-08,"US","Marion County, OR",1,0,0,NA,NA,NA,NA,"OR","Oregon","Ore.","Oregon"
"361",2020-03-09,"US","Marion County, OR",1,0,0,NA,NA,NA,NA,"OR","Oregon","Ore.","Oregon"
"362",2020-03-06,"US","Middlesex County, MA",1,0,0,NA,NA,NA,NA,"MA","Massachusetts","Mass.","Massachusetts"
"363",2020-03-07,"US","Middlesex County, MA",1,0,0,NA,NA,NA,NA,"MA","Massachusetts","Mass.","Massachusetts"
"364",2020-03-08,"US","Middlesex County, MA",7,0,0,NA,NA,NA,NA,"MA","Massachusetts","Mass.","Massachusetts"
"365",2020-03-09,"US","Middlesex County, MA",7,0,0,NA,NA,NA,NA,"MA","Massachusetts","Mass.","Massachusetts"
"366",2020-03-06,"US","Montgomery County, MD",3,0,0,NA,NA,NA,NA,"MD","Maryland","Md.","Maryland"
"367",2020-03-07,"US","Montgomery County, MD",3,0,0,NA,NA,NA,NA,"MD","Maryland","Md.","Maryland"
"368",2020-03-08,"US","Montgomery County, MD",4,0,0,NA,NA,NA,NA,"MD","Maryland","Md.","Maryland"
"369",2020-03-09,"US","Montgomery County, MD",4,0,0,NA,NA,NA,NA,"MD","Maryland","Md.","Maryland"
"370",2020-03-08,"US","Montgomery County, PA",4,0,0,NA,NA,NA,NA,"PA","Pennsylvania","Pa.","Pennsylvania"
"371",2020-03-09,"US","Montgomery County, PA",5,0,0,NA,NA,NA,NA,"PA","Pennsylvania","Pa.","Pennsylvania"
"372",2020-03-07,"US","Montgomery County, TX",0,0,0,NA,NA,NA,NA,"TX","Texas","Tex.","Texas"
"373",2020-03-08,"US","Montgomery County, TX",0,0,0,NA,NA,NA,NA,"TX","Texas","Tex.","Texas"
"374",2020-03-09,"US","Montgomery County, TX",0,0,0,NA,NA,NA,NA,"TX","Texas","Tex.","Texas"
"375",2020-03-06,"US","Nassau County, NY",1,0,0,NA,NA,NA,NA,"NY","New York","N.Y.","New York"
"376",2020-03-07,"US","Nassau County, NY",4,0,0,NA,NA,NA,NA,"NY","New York","N.Y.","New York"
"377",2020-03-08,"US","Nassau County, NY",5,0,0,NA,NA,NA,NA,"NY","New York","N.Y.","New York"
"378",2020-03-09,"US","Nassau County, NY",17,0,0,NA,NA,NA,NA,"NY","New York","N.Y.","New York"
"379",2020-03-02,"US","New York City, NY",1,0,0,NA,NA,NA,NA,"NY","New York","N.Y.","New York"
"380",2020-03-03,"US","New York City, NY",1,0,0,NA,NA,NA,NA,"NY","New York","N.Y.","New York"
"381",2020-03-04,"US","New York City, NY",1,0,0,NA,NA,NA,NA,"NY","New York","N.Y.","New York"
"382",2020-03-05,"US","New York City, NY",4,0,0,NA,NA,NA,NA,"NY","New York","N.Y.","New York"
"383",2020-03-06,"US","New York County, NY",16,0,0,NA,NA,NA,NA,"NY","New York","N.Y.","New York"
"384",2020-03-07,"US","New York County, NY",11,0,0,NA,NA,NA,NA,"NY","New York","N.Y.","New York"
"385",2020-03-08,"US","New York County, NY",12,0,0,NA,NA,NA,NA,"NY","New York","N.Y.","New York"
"386",2020-03-09,"US","New York County, NY",19,0,0,NA,NA,NA,NA,"NY","New York","N.Y.","New York"
"387",2020-03-03,"US","Norfolk County, MA",1,0,0,NA,NA,NA,NA,"MA","Massachusetts","Mass.","Massachusetts"
"388",2020-03-04,"US","Norfolk County, MA",1,0,0,NA,NA,NA,NA,"MA","Massachusetts","Mass.","Massachusetts"
"389",2020-03-05,"US","Norfolk County, MA",1,0,0,NA,NA,NA,NA,"MA","Massachusetts","Mass.","Massachusetts"
"390",2020-03-06,"US","Norfolk County, MA",2,0,0,NA,NA,NA,NA,"MA","Massachusetts","Mass.","Massachusetts"
"391",2020-03-07,"US","Norfolk County, MA",2,0,0,NA,NA,NA,NA,"MA","Massachusetts","Mass.","Massachusetts"
"392",2020-03-08,"US","Norfolk County, MA",6,0,0,NA,NA,NA,NA,"MA","Massachusetts","Mass.","Massachusetts"
"393",2020-03-09,"US","Norfolk County, MA",6,0,0,NA,NA,NA,NA,"MA","Massachusetts","Mass.","Massachusetts"
"394",2020-03-06,"US","Norwell County, MA",1,0,0,NA,NA,NA,NA,"MA","Massachusetts","Mass.","Massachusetts"
"395",2020-03-08,"US","Okaloosa County, FL",1,0,0,NA,NA,NA,NA,"FL","Florida","Fla.","Florida"
"396",2020-03-09,"US","Okaloosa County, FL",1,0,0,NA,NA,NA,NA,"FL","Florida","Fla.","Florida"
"397",2020-02-22,"US","Omaha, NE (From Diamond Princess)",11,0,0,NA,NA,NA,NA,"NE","Nebraska","Nebr.","Nebraska"
"398",2020-02-23,"US","Omaha, NE (From Diamond Princess)",11,0,0,NA,NA,NA,NA,"NE","Nebraska","Nebr.","Nebraska"
"399",2020-02-24,"US","Omaha, NE (From Diamond Princess)",0,0,0,NA,NA,NA,NA,"NE","Nebraska","Nebr.","Nebraska"
"400",2020-02-25,"US","Omaha, NE (From Diamond Princess)",0,0,0,NA,NA,NA,NA,"NE","Nebraska","Nebr.","Nebraska"
"401",2020-02-26,"US","Omaha, NE (From Diamond Princess)",0,0,0,NA,NA,NA,NA,"NE","Nebraska","Nebr.","Nebraska"
"402",2020-02-27,"US","Omaha, NE (From Diamond Princess)",0,0,0,NA,NA,NA,NA,"NE","Nebraska","Nebr.","Nebraska"
"403",2020-02-28,"US","Omaha, NE (From Diamond Princess)",0,0,0,NA,NA,NA,NA,"NE","Nebraska","Nebr.","Nebraska"
"404",2020-02-29,"US","Omaha, NE (From Diamond Princess)",0,0,0,NA,NA,NA,NA,"NE","Nebraska","Nebr.","Nebraska"
"405",2020-03-01,"US","Omaha, NE (From Diamond Princess)",0,0,0,NA,NA,NA,NA,"NE","Nebraska","Nebr.","Nebraska"
"406",2020-03-02,"US","Omaha, NE (From Diamond Princess)",0,0,0,NA,NA,NA,NA,"NE","Nebraska","Nebr.","Nebraska"
"407",2020-03-03,"US","Omaha, NE (From Diamond Princess)",0,0,0,NA,NA,NA,NA,"NE","Nebraska","Nebr.","Nebraska"
"408",2020-03-04,"US","Omaha, NE (From Diamond Princess)",0,0,0,NA,NA,NA,NA,"NE","Nebraska","Nebr.","Nebraska"
"409",2020-03-05,"US","Omaha, NE (From Diamond Princess)",0,0,0,NA,NA,NA,NA,"NE","Nebraska","Nebr.","Nebraska"
"410",2020-03-06,"US","Omaha, NE (From Diamond Princess)",0,0,0,NA,NA,NA,NA,"NE","Nebraska","Nebr.","Nebraska"
"411",2020-03-07,"US","Omaha, NE (From Diamond Princess)",0,0,0,NA,NA,NA,NA,"NE","Nebraska","Nebr.","Nebraska"
"412",2020-03-08,"US","Omaha, NE (From Diamond Princess)",0,0,0,NA,NA,NA,NA,"NE","Nebraska","Nebr.","Nebraska"
"413",2020-03-09,"US","Omaha, NE (From Diamond Princess)",0,0,0,NA,NA,NA,NA,"NE","Nebraska","Nebr.","Nebraska"
"414",2020-03-04,"US","Orange County, CA",3,0,0,NA,NA,NA,NA,"CA","California","Calif.","California"
"415",2020-03-05,"US","Orange County, CA",3,0,0,NA,NA,NA,NA,"CA","California","Calif.","California"
"416",2020-03-06,"US","Orange County, CA",3,0,0,NA,NA,NA,NA,"CA","California","Calif.","California"
"417",2020-03-07,"US","Orange County, CA",3,0,0,NA,NA,NA,NA,"CA","California","Calif.","California"
"418",2020-03-08,"US","Orange County, CA",3,0,0,NA,NA,NA,NA,"CA","California","Calif.","California"
"419",2020-03-09,"US","Orange County, CA",4,0,0,NA,NA,NA,NA,"CA","California","Calif.","California"
"420",2020-02-01,"US","Orange, CA",1,0,0,NA,NA,NA,NA,"CA","California","Calif.","California"
"421",2020-02-02,"US","Orange, CA",1,0,0,NA,NA,NA,NA,"CA","California","Calif.","California"
"422",2020-02-03,"US","Orange, CA",1,0,0,NA,NA,NA,NA,"CA","California","Calif.","California"
"423",2020-02-04,"US","Orange, CA",1,0,0,NA,NA,NA,NA,"CA","California","Calif.","California"
"424",2020-02-05,"US","Orange, CA",1,0,0,NA,NA,NA,NA,"CA","California","Calif.","California"
"425",2020-02-06,"US","Orange, CA",1,0,0,NA,NA,NA,NA,"CA","California","Calif.","California"
"426",2020-02-07,"US","Orange, CA",1,0,0,NA,NA,NA,NA,"CA","California","Calif.","California"
"427",2020-02-08,"US","Orange, CA",1,0,0,NA,NA,NA,NA,"CA","California","Calif.","California"
"428",2020-02-09,"US","Orange, CA",1,0,0,NA,NA,NA,NA,"CA","California","Calif.","California"
"429",2020-02-10,"US","Orange, CA",1,0,0,NA,NA,NA,NA,"CA","California","Calif.","California"
"430",2020-02-11,"US","Orange, CA",1,0,0,NA,NA,NA,NA,"CA","California","Calif.","California"
"431",2020-02-12,"US","Orange, CA",1,0,0,NA,NA,NA,NA,"CA","California","Calif.","California"
"432",2020-02-13,"US","Orange, CA",1,0,0,NA,NA,NA,NA,"CA","California","Calif.","California"
"433",2020-02-14,"US","Orange, CA",1,0,0,NA,NA,NA,NA,"CA","California","Calif.","California"
"434",2020-02-15,"US","Orange, CA",1,0,0,NA,NA,NA,NA,"CA","California","Calif.","California"
"435",2020-02-16,"US","Orange, CA",1,0,0,NA,NA,NA,NA,"CA","California","Calif.","California"
"436",2020-02-17,"US","Orange, CA",1,0,0,NA,NA,NA,NA,"CA","California","Calif.","California"
"437",2020-02-18,"US","Orange, CA",1,0,0,NA,NA,NA,NA,"CA","California","Calif.","California"
"438",2020-02-19,"US","Orange, CA",1,0,0,NA,NA,NA,NA,"CA","California","Calif.","California"
"439",2020-02-20,"US","Orange, CA",1,0,0,NA,NA,NA,NA,"CA","California","Calif.","California"
"440",2020-02-21,"US","Orange, CA",1,0,0,NA,NA,NA,NA,"CA","California","Calif.","California"
"441",2020-02-22,"US","Orange, CA",1,0,0,NA,NA,NA,NA,"CA","California","Calif.","California"
"442",2020-02-23,"US","Orange, CA",1,0,0,NA,NA,NA,NA,"CA","California","Calif.","California"
"443",2020-02-24,"US","Orange, CA",1,0,0,NA,NA,NA,NA,"CA","California","Calif.","California"
"444",2020-02-25,"US","Orange, CA",1,0,0,NA,NA,NA,NA,"CA","California","Calif.","California"
"445",2020-02-26,"US","Orange, CA",1,0,0,NA,NA,NA,NA,"CA","California","Calif.","California"
"446",2020-02-27,"US","Orange, CA",1,0,0,NA,NA,NA,NA,"CA","California","Calif.","California"
"447",2020-02-28,"US","Orange, CA",1,0,0,NA,NA,NA,NA,"CA","California","Calif.","California"
"448",2020-02-29,"US","Orange, CA",1,0,0,NA,NA,NA,NA,"CA","California","Calif.","California"
"449",2020-03-01,"US","Orange, CA",1,0,0,NA,NA,NA,NA,"CA","California","Calif.","California"
"450",2020-03-02,"US","Orange, CA",1,0,0,NA,NA,NA,NA,"CA","California","Calif.","California"
"451",2020-03-03,"US","Orange, CA",1,0,0,NA,NA,NA,NA,"CA","California","Calif.","California"
"452",2020-03-07,"US","Pierce County, WA",1,0,0,NA,NA,NA,NA,"WA","Washington","Wash.","Washington"
"453",2020-03-08,"US","Pierce County, WA",4,0,0,NA,NA,NA,NA,"WA","Washington","Wash.","Washington"
"454",2020-03-09,"US","Pierce County, WA",4,0,0,NA,NA,NA,NA,"WA","Washington","Wash.","Washington"
"455",2020-03-07,"US","Pinal County, AZ",2,0,0,NA,NA,NA,NA,"AZ","Arizona","Ariz.","Arizona"
"456",2020-03-08,"US","Pinal County, AZ",2,0,0,NA,NA,NA,NA,"AZ","Arizona","Ariz.","Arizona"
"457",2020-03-09,"US","Pinal County, AZ",2,0,0,NA,NA,NA,NA,"AZ","Arizona","Ariz.","Arizona"
"458",2020-03-02,"US","Placer County, CA",1,0,0,NA,NA,NA,NA,"CA","California","Calif.","California"
"459",2020-03-03,"US","Placer County, CA",1,0,0,NA,NA,NA,NA,"CA","California","Calif.","California"
"460",2020-03-04,"US","Placer County, CA",2,1,0,NA,NA,NA,NA,"CA","California","Calif.","California"
"461",2020-03-05,"US","Placer County, CA",2,1,0,NA,NA,NA,NA,"CA","California","Calif.","California"
"462",2020-03-06,"US","Placer County, CA",5,1,0,NA,NA,NA,NA,"CA","California","Calif.","California"
"463",2020-03-07,"US","Placer County, CA",5,1,0,NA,NA,NA,NA,"CA","California","Calif.","California"
"464",2020-03-08,"US","Placer County, CA",5,1,0,NA,NA,NA,NA,"CA","California","Calif.","California"
"465",2020-03-09,"US","Placer County, CA",7,1,0,NA,NA,NA,NA,"CA","California","Calif.","California"
"466",2020-03-07,"US","Plymouth County, MA",1,0,0,NA,NA,NA,NA,"MA","Massachusetts","Mass.","Massachusetts"
"467",2020-03-08,"US","Plymouth County, MA",1,0,0,NA,NA,NA,NA,"MA","Massachusetts","Mass.","Massachusetts"
"468",2020-03-09,"US","Plymouth County, MA",1,0,0,NA,NA,NA,NA,"MA","Massachusetts","Mass.","Massachusetts"
"469",2020-03-08,"US","Polk County, GA",1,0,0,NA,NA,NA,NA,"GA","Georgia","Ga.","Georgia"
"470",2020-03-09,"US","Polk County, GA",1,0,0,NA,NA,NA,NA,"GA","Georgia","Ga.","Georgia"
"471",2020-02-29,"US","Portland, OR",1,0,0,NA,NA,NA,NA,"OR","Oregon","Ore.","Oregon"
"472",2020-03-01,"US","Portland, OR",1,0,0,NA,NA,NA,NA,"OR","Oregon","Ore.","Oregon"
"473",2020-03-02,"US","Portland, OR",2,0,0,NA,NA,NA,NA,"OR","Oregon","Ore.","Oregon"
"474",2020-03-07,"US","Providence County, RI",3,0,0,NA,NA,NA,NA,"RI","Rhode Island","R.I.","Rhode Island"
"475",2020-03-08,"US","Providence County, RI",3,0,0,NA,NA,NA,NA,"RI","Rhode Island","R.I.","Rhode Island"
"476",2020-03-09,"US","Providence County, RI",3,0,0,NA,NA,NA,NA,"RI","Rhode Island","R.I.","Rhode Island"
"477",2020-03-01,"US","Providence, RI",1,0,0,NA,NA,NA,NA,"RI","Rhode Island","R.I.","Rhode Island"
"478",2020-03-02,"US","Providence, RI",2,0,0,NA,NA,NA,NA,"RI","Rhode Island","R.I.","Rhode Island"
"479",2020-03-03,"US","Providence, RI",2,0,0,NA,NA,NA,NA,"RI","Rhode Island","R.I.","Rhode Island"
"480",2020-03-04,"US","Providence, RI",2,0,0,NA,NA,NA,NA,"RI","Rhode Island","R.I.","Rhode Island"
"481",2020-03-05,"US","Providence, RI",2,0,0,NA,NA,NA,NA,"RI","Rhode Island","R.I.","Rhode Island"
"482",2020-03-06,"US","Providence, RI",2,0,0,NA,NA,NA,NA,"RI","Rhode Island","R.I.","Rhode Island"
"483",2020-03-05,"US","Queens County, NY",1,0,0,NA,NA,NA,NA,"NY","New York","N.Y.","New York"
"484",2020-03-06,"US","Ramsey County, MN",1,0,0,NA,NA,NA,NA,"MN","Minnesota","Minn.","Minnesota"
"485",2020-03-07,"US","Ramsey County, MN",1,0,0,NA,NA,NA,NA,"MN","Minnesota","Minn.","Minnesota"
"486",2020-03-08,"US","Ramsey County, MN",1,0,0,NA,NA,NA,NA,"MN","Minnesota","Minn.","Minnesota"
"487",2020-03-09,"US","Ramsey County, MN",1,0,0,NA,NA,NA,NA,"MN","Minnesota","Minn.","Minnesota"
"488",2020-03-08,"US","Riverside County, CA",1,0,0,NA,NA,NA,NA,"CA","California","Calif.","California"
"489",2020-03-09,"US","Riverside County, CA",1,0,0,NA,NA,NA,NA,"CA","California","Calif.","California"
"490",2020-03-08,"US","Rockingham County, NH",2,0,0,NA,NA,NA,NA,"NH","New Hampshire","N.H.","New Hampshire"
"491",2020-03-09,"US","Rockingham County, NH",1,0,0,NA,NA,NA,NA,"NH","New Hampshire","N.H.","New Hampshire"
"492",2020-03-07,"US","Rockland County, NY",2,0,0,NA,NA,NA,NA,"NY","New York","N.Y.","New York"
"493",2020-03-08,"US","Rockland County, NY",2,0,0,NA,NA,NA,NA,"NY","New York","N.Y.","New York"
"494",2020-03-09,"US","Rockland County, NY",4,0,0,NA,NA,NA,NA,"NY","New York","N.Y.","New York"
"495",2020-02-21,"US","Sacramento County, CA",1,0,0,NA,NA,NA,NA,"CA","California","Calif.","California"
"496",2020-02-22,"US","Sacramento County, CA",1,0,0,NA,NA,NA,NA,"CA","California","Calif.","California"
"497",2020-02-23,"US","Sacramento County, CA",1,0,0,NA,NA,NA,NA,"CA","California","Calif.","California"
"498",2020-02-24,"US","Sacramento County, CA",1,0,0,NA,NA,NA,NA,"CA","California","Calif.","California"
"499",2020-02-25,"US","Sacramento County, CA",1,0,0,NA,NA,NA,NA,"CA","California","Calif.","California"
"500",2020-02-26,"US","Sacramento County, CA",1,0,0,NA,NA,NA,NA,"CA","California","Calif.","California"
"501",2020-02-27,"US","Sacramento County, CA",2,0,0,NA,NA,NA,NA,"CA","California","Calif.","California"
"502",2020-02-28,"US","Sacramento County, CA",2,0,0,NA,NA,NA,NA,"CA","California","Calif.","California"
"503",2020-02-29,"US","Sacramento County, CA",2,0,0,NA,NA,NA,NA,"CA","California","Calif.","California"
"504",2020-03-01,"US","Sacramento County, CA",2,0,0,NA,NA,NA,NA,"CA","California","Calif.","California"
"505",2020-03-02,"US","Sacramento County, CA",2,0,0,NA,NA,NA,NA,"CA","California","Calif.","California"
"506",2020-03-03,"US","Sacramento County, CA",2,0,0,NA,NA,NA,NA,"CA","California","Calif.","California"
"507",2020-03-04,"US","Sacramento County, CA",2,0,0,NA,NA,NA,NA,"CA","California","Calif.","California"
"508",2020-03-05,"US","Sacramento County, CA",2,0,0,NA,NA,NA,NA,"CA","California","Calif.","California"
"509",2020-03-06,"US","Sacramento County, CA",2,0,0,NA,NA,NA,NA,"CA","California","Calif.","California"
"510",2020-03-07,"US","Sacramento County, CA",2,0,0,NA,NA,NA,NA,"CA","California","Calif.","California"
"511",2020-03-08,"US","Sacramento County, CA",2,0,0,NA,NA,NA,NA,"CA","California","Calif.","California"
"512",2020-03-09,"US","Sacramento County, CA",2,0,0,NA,NA,NA,NA,"CA","California","Calif.","California"
"513",2020-02-13,"US","San Antonio, TX",1,0,0,NA,NA,NA,NA,"TX","Texas","Tex.","Texas"
"514",2020-02-14,"US","San Antonio, TX",1,0,0,NA,NA,NA,NA,"TX","Texas","Tex.","Texas"
"515",2020-02-15,"US","San Antonio, TX",1,0,0,NA,NA,NA,NA,"TX","Texas","Tex.","Texas"
"516",2020-02-16,"US","San Antonio, TX",1,0,0,NA,NA,NA,NA,"TX","Texas","Tex.","Texas"
"517",2020-02-17,"US","San Antonio, TX",1,0,0,NA,NA,NA,NA,"TX","Texas","Tex.","Texas"
"518",2020-02-18,"US","San Antonio, TX",1,0,0,NA,NA,NA,NA,"TX","Texas","Tex.","Texas"
"519",2020-02-19,"US","San Antonio, TX",1,0,0,NA,NA,NA,NA,"TX","Texas","Tex.","Texas"
"520",2020-02-20,"US","San Antonio, TX",1,0,0,NA,NA,NA,NA,"TX","Texas","Tex.","Texas"
"521",2020-02-21,"US","San Antonio, TX",1,0,0,NA,NA,NA,NA,"TX","Texas","Tex.","Texas"
"522",2020-02-22,"US","San Antonio, TX",1,0,0,NA,NA,NA,NA,"TX","Texas","Tex.","Texas"
"523",2020-02-23,"US","San Antonio, TX",1,0,0,NA,NA,NA,NA,"TX","Texas","Tex.","Texas"
"524",2020-02-24,"US","San Antonio, TX",1,0,0,NA,NA,NA,NA,"TX","Texas","Tex.","Texas"
"525",2020-02-25,"US","San Antonio, TX",1,0,0,NA,NA,NA,NA,"TX","Texas","Tex.","Texas"
"526",2020-02-26,"US","San Antonio, TX",1,0,0,NA,NA,NA,NA,"TX","Texas","Tex.","Texas"
"527",2020-02-27,"US","San Antonio, TX",1,0,0,NA,NA,NA,NA,"TX","Texas","Tex.","Texas"
"528",2020-02-28,"US","San Antonio, TX",1,0,0,NA,NA,NA,NA,"TX","Texas","Tex.","Texas"
"529",2020-02-29,"US","San Antonio, TX",1,0,0,NA,NA,NA,NA,"TX","Texas","Tex.","Texas"
"530",2020-03-01,"US","San Antonio, TX",1,0,0,NA,NA,NA,NA,"TX","Texas","Tex.","Texas"
"531",2020-03-02,"US","San Antonio, TX",1,0,0,NA,NA,NA,NA,"TX","Texas","Tex.","Texas"
"532",2020-03-03,"US","San Antonio, TX",1,0,0,NA,NA,NA,NA,"TX","Texas","Tex.","Texas"
"533",2020-03-04,"US","San Antonio, TX",1,0,0,NA,NA,NA,NA,"TX","Texas","Tex.","Texas"
"534",2020-03-05,"US","San Antonio, TX",1,0,0,NA,NA,NA,NA,"TX","Texas","Tex.","Texas"
"535",2020-03-06,"US","San Antonio, TX",1,0,0,NA,NA,NA,NA,"TX","Texas","Tex.","Texas"
"536",2020-03-07,"US","San Antonio, TX",1,0,0,NA,NA,NA,NA,"TX","Texas","Tex.","Texas"
"537",2020-03-08,"US","San Antonio, TX",1,0,0,NA,NA,NA,NA,"TX","Texas","Tex.","Texas"
"538",2020-03-09,"US","San Antonio, TX",1,0,0,NA,NA,NA,NA,"TX","Texas","Tex.","Texas"
"539",2020-02-03,"US","San Benito, CA",2,0,0,NA,NA,NA,NA,"CA","California","Calif.","California"
"540",2020-02-04,"US","San Benito, CA",2,0,0,NA,NA,NA,NA,"CA","California","Calif.","California"
"541",2020-02-05,"US","San Benito, CA",2,0,0,NA,NA,NA,NA,"CA","California","Calif.","California"
"542",2020-02-06,"US","San Benito, CA",2,0,0,NA,NA,NA,NA,"CA","California","Calif.","California"
"543",2020-02-07,"US","San Benito, CA",2,0,0,NA,NA,NA,NA,"CA","California","Calif.","California"
"544",2020-02-08,"US","San Benito, CA",2,0,0,NA,NA,NA,NA,"CA","California","Calif.","California"
"545",2020-02-09,"US","San Benito, CA",2,0,0,NA,NA,NA,NA,"CA","California","Calif.","California"
"546",2020-02-10,"US","San Benito, CA",2,0,0,NA,NA,NA,NA,"CA","California","Calif.","California"
"547",2020-02-11,"US","San Benito, CA",2,0,0,NA,NA,NA,NA,"CA","California","Calif.","California"
"548",2020-02-12,"US","San Benito, CA",2,0,0,NA,NA,NA,NA,"CA","California","Calif.","California"
"549",2020-02-13,"US","San Benito, CA",2,0,0,NA,NA,NA,NA,"CA","California","Calif.","California"
"550",2020-02-14,"US","San Benito, CA",2,0,0,NA,NA,NA,NA,"CA","California","Calif.","California"
"551",2020-02-15,"US","San Benito, CA",2,0,0,NA,NA,NA,NA,"CA","California","Calif.","California"
"552",2020-02-16,"US","San Benito, CA",2,0,0,NA,NA,NA,NA,"CA","California","Calif.","California"
"553",2020-02-17,"US","San Benito, CA",2,0,0,NA,NA,NA,NA,"CA","California","Calif.","California"
"554",2020-02-18,"US","San Benito, CA",2,0,0,NA,NA,NA,NA,"CA","California","Calif.","California"
"555",2020-02-19,"US","San Benito, CA",2,0,0,NA,NA,NA,NA,"CA","California","Calif.","California"
"556",2020-02-20,"US","San Benito, CA",2,0,0,NA,NA,NA,NA,"CA","California","Calif.","California"
"557",2020-02-21,"US","San Benito, CA",2,0,0,NA,NA,NA,NA,"CA","California","Calif.","California"
"558",2020-02-22,"US","San Benito, CA",2,0,0,NA,NA,NA,NA,"CA","California","Calif.","California"
"559",2020-02-23,"US","San Benito, CA",2,0,0,NA,NA,NA,NA,"CA","California","Calif.","California"
"560",2020-02-24,"US","San Benito, CA",2,0,0,NA,NA,NA,NA,"CA","California","Calif.","California"
"561",2020-02-25,"US","San Benito, CA",2,0,0,NA,NA,NA,NA,"CA","California","Calif.","California"
"562",2020-02-26,"US","San Benito, CA",2,0,0,NA,NA,NA,NA,"CA","California","Calif.","California"
"563",2020-02-27,"US","San Benito, CA",2,0,0,NA,NA,NA,NA,"CA","California","Calif.","California"
"564",2020-02-28,"US","San Benito, CA",2,0,0,NA,NA,NA,NA,"CA","California","Calif.","California"
"565",2020-02-29,"US","San Benito, CA",2,0,0,NA,NA,NA,NA,"CA","California","Calif.","California"
"566",2020-03-01,"US","San Benito, CA",2,0,0,NA,NA,NA,NA,"CA","California","Calif.","California"
"567",2020-03-02,"US","San Benito, CA",2,0,0,NA,NA,NA,NA,"CA","California","Calif.","California"
"568",2020-03-03,"US","San Benito, CA",2,0,0,NA,NA,NA,NA,"CA","California","Calif.","California"
"569",2020-03-04,"US","San Benito, CA",2,0,0,NA,NA,NA,NA,"CA","California","Calif.","California"
"570",2020-03-05,"US","San Benito, CA",2,0,0,NA,NA,NA,NA,"CA","California","Calif.","California"
"571",2020-03-06,"US","San Benito, CA",2,0,0,NA,NA,NA,NA,"CA","California","Calif.","California"
"572",2020-03-07,"US","San Benito, CA",2,0,0,NA,NA,NA,NA,"CA","California","Calif.","California"
"573",2020-03-08,"US","San Benito, CA",2,0,0,NA,NA,NA,NA,"CA","California","Calif.","California"
"574",2020-03-09,"US","San Benito, CA",2,0,0,NA,NA,NA,NA,"CA","California","Calif.","California"
"575",2020-02-11,"US","San Diego County, CA",1,0,0,NA,NA,NA,NA,"CA","California","Calif.","California"
"576",2020-02-12,"US","San Diego County, CA",1,0,0,NA,NA,NA,NA,"CA","California","Calif.","California"
"577",2020-02-13,"US","San Diego County, CA",2,0,0,NA,NA,NA,NA,"CA","California","Calif.","California"
"578",2020-02-14,"US","San Diego County, CA",2,0,0,NA,NA,NA,NA,"CA","California","Calif.","California"
"579",2020-02-15,"US","San Diego County, CA",2,0,0,NA,NA,NA,NA,"CA","California","Calif.","California"
"580",2020-02-16,"US","San Diego County, CA",2,0,0,NA,NA,NA,NA,"CA","California","Calif.","California"
"581",2020-02-17,"US","San Diego County, CA",2,0,0,NA,NA,NA,NA,"CA","California","Calif.","California"
"582",2020-02-18,"US","San Diego County, CA",2,0,0,NA,NA,NA,NA,"CA","California","Calif.","California"
"583",2020-02-19,"US","San Diego County, CA",2,0,0,NA,NA,NA,NA,"CA","California","Calif.","California"
"584",2020-02-20,"US","San Diego County, CA",2,0,0,NA,NA,NA,NA,"CA","California","Calif.","California"
"585",2020-02-21,"US","San Diego County, CA",2,0,1,NA,NA,NA,NA,"CA","California","Calif.","California"
"586",2020-02-22,"US","San Diego County, CA",2,0,1,NA,NA,NA,NA,"CA","California","Calif.","California"
"587",2020-02-23,"US","San Diego County, CA",2,0,1,NA,NA,NA,NA,"CA","California","Calif.","California"
"588",2020-02-24,"US","San Diego County, CA",2,0,1,NA,NA,NA,NA,"CA","California","Calif.","California"
"589",2020-02-25,"US","San Diego County, CA",2,0,1,NA,NA,NA,NA,"CA","California","Calif.","California"
"590",2020-02-26,"US","San Diego County, CA",2,0,1,NA,NA,NA,NA,"CA","California","Calif.","California"
"591",2020-02-27,"US","San Diego County, CA",2,0,1,NA,NA,NA,NA,"CA","California","Calif.","California"
"592",2020-02-28,"US","San Diego County, CA",2,0,1,NA,NA,NA,NA,"CA","California","Calif.","California"
"593",2020-02-29,"US","San Diego County, CA",2,0,1,NA,NA,NA,NA,"CA","California","Calif.","California"
"594",2020-03-01,"US","San Diego County, CA",2,0,1,NA,NA,NA,NA,"CA","California","Calif.","California"
"595",2020-03-02,"US","San Diego County, CA",2,0,1,NA,NA,NA,NA,"CA","California","Calif.","California"
"596",2020-03-03,"US","San Diego County, CA",2,0,1,NA,NA,NA,NA,"CA","California","Calif.","California"
"597",2020-03-04,"US","San Diego County, CA",2,0,1,NA,NA,NA,NA,"CA","California","Calif.","California"
"598",2020-03-05,"US","San Diego County, CA",3,0,1,NA,NA,NA,NA,"CA","California","Calif.","California"
"599",2020-03-06,"US","San Diego County, CA",3,0,1,NA,NA,NA,NA,"CA","California","Calif.","California"
"600",2020-03-07,"US","San Diego County, CA",3,0,1,NA,NA,NA,NA,"CA","California","Calif.","California"
"601",2020-03-08,"US","San Diego County, CA",3,0,1,NA,NA,NA,NA,"CA","California","Calif.","California"
"602",2020-03-09,"US","San Diego County, CA",3,0,1,NA,NA,NA,NA,"CA","California","Calif.","California"
"603",2020-03-05,"US","San Francisco County, CA",2,0,0,NA,NA,NA,NA,"CA","California","Calif.","California"
"604",2020-03-06,"US","San Francisco County, CA",2,0,0,NA,NA,NA,NA,"CA","California","Calif.","California"
"605",2020-03-07,"US","San Francisco County, CA",9,0,0,NA,NA,NA,NA,"CA","California","Calif.","California"
"606",2020-03-08,"US","San Francisco County, CA",9,0,0,NA,NA,NA,NA,"CA","California","Calif.","California"
"607",2020-03-09,"US","San Francisco County, CA",9,0,0,NA,NA,NA,NA,"CA","California","Calif.","California"
"608",2020-03-02,"US","San Mateo, CA",1,0,0,NA,NA,NA,NA,"CA","California","Calif.","California"
"609",2020-03-03,"US","San Mateo, CA",2,0,0,NA,NA,NA,NA,"CA","California","Calif.","California"
"610",2020-03-04,"US","San Mateo, CA",2,0,0,NA,NA,NA,NA,"CA","California","Calif.","California"
"611",2020-03-05,"US","San Mateo, CA",2,0,0,NA,NA,NA,NA,"CA","California","Calif.","California"
"612",2020-03-06,"US","San Mateo, CA",2,0,0,NA,NA,NA,NA,"CA","California","Calif.","California"
"613",2020-03-07,"US","San Mateo, CA",2,0,0,NA,NA,NA,NA,"CA","California","Calif.","California"
"614",2020-03-08,"US","San Mateo, CA",2,0,0,NA,NA,NA,NA,"CA","California","Calif.","California"
"615",2020-03-09,"US","San Mateo, CA",2,0,0,NA,NA,NA,NA,"CA","California","Calif.","California"
"616",2020-03-07,"US","Santa Clara County, CA",32,0,1,NA,NA,NA,NA,"CA","California","Calif.","California"
"617",2020-03-08,"US","Santa Clara County, CA",38,0,1,NA,NA,NA,NA,"CA","California","Calif.","California"
"618",2020-03-09,"US","Santa Clara County, CA",38,0,1,NA,NA,NA,NA,"CA","California","Calif.","California"
"619",2020-02-01,"US","Santa Clara, CA",1,0,0,NA,NA,NA,NA,"CA","California","Calif.","California"
"620",2020-02-02,"US","Santa Clara, CA",1,0,0,NA,NA,NA,NA,"CA","California","Calif.","California"
"621",2020-02-03,"US","Santa Clara, CA",2,0,0,NA,NA,NA,NA,"CA","California","Calif.","California"
"622",2020-02-04,"US","Santa Clara, CA",2,0,0,NA,NA,NA,NA,"CA","California","Calif.","California"
"623",2020-02-05,"US","Santa Clara, CA",2,0,0,NA,NA,NA,NA,"CA","California","Calif.","California"
"624",2020-02-06,"US","Santa Clara, CA",2,0,0,NA,NA,NA,NA,"CA","California","Calif.","California"
"625",2020-02-07,"US","Santa Clara, CA",2,0,0,NA,NA,NA,NA,"CA","California","Calif.","California"
"626",2020-02-08,"US","Santa Clara, CA",2,0,0,NA,NA,NA,NA,"CA","California","Calif.","California"
"627",2020-02-09,"US","Santa Clara, CA",2,0,0,NA,NA,NA,NA,"CA","California","Calif.","California"
"628",2020-02-10,"US","Santa Clara, CA",2,0,0,NA,NA,NA,NA,"CA","California","Calif.","California"
"629",2020-02-11,"US","Santa Clara, CA",2,0,0,NA,NA,NA,NA,"CA","California","Calif.","California"
"630",2020-02-12,"US","Santa Clara, CA",2,0,0,NA,NA,NA,NA,"CA","California","Calif.","California"
"631",2020-02-13,"US","Santa Clara, CA",2,0,0,NA,NA,NA,NA,"CA","California","Calif.","California"
"632",2020-02-14,"US","Santa Clara, CA",2,0,0,NA,NA,NA,NA,"CA","California","Calif.","California"
"633",2020-02-15,"US","Santa Clara, CA",2,0,0,NA,NA,NA,NA,"CA","California","Calif.","California"
"634",2020-02-16,"US","Santa Clara, CA",2,0,0,NA,NA,NA,NA,"CA","California","Calif.","California"
"635",2020-02-17,"US","Santa Clara, CA",2,0,0,NA,NA,NA,NA,"CA","California","Calif.","California"
"636",2020-02-18,"US","Santa Clara, CA",2,0,0,NA,NA,NA,NA,"CA","California","Calif.","California"
"637",2020-02-19,"US","Santa Clara, CA",2,0,0,NA,NA,NA,NA,"CA","California","Calif.","California"
"638",2020-02-20,"US","Santa Clara, CA",2,0,0,NA,NA,NA,NA,"CA","California","Calif.","California"
"639",2020-02-21,"US","Santa Clara, CA",2,0,1,NA,NA,NA,NA,"CA","California","Calif.","California"
"640",2020-02-22,"US","Santa Clara, CA",2,0,1,NA,NA,NA,NA,"CA","California","Calif.","California"
"641",2020-02-23,"US","Santa Clara, CA",2,0,1,NA,NA,NA,NA,"CA","California","Calif.","California"
"642",2020-02-24,"US","Santa Clara, CA",2,0,1,NA,NA,NA,NA,"CA","California","Calif.","California"
"643",2020-02-25,"US","Santa Clara, CA",2,0,1,NA,NA,NA,NA,"CA","California","Calif.","California"
"644",2020-02-26,"US","Santa Clara, CA",2,0,1,NA,NA,NA,NA,"CA","California","Calif.","California"
"645",2020-02-27,"US","Santa Clara, CA",2,0,1,NA,NA,NA,NA,"CA","California","Calif.","California"
"646",2020-02-28,"US","Santa Clara, CA",2,0,1,NA,NA,NA,NA,"CA","California","Calif.","California"
"647",2020-02-29,"US","Santa Clara, CA",3,0,1,NA,NA,NA,NA,"CA","California","Calif.","California"
"648",2020-03-01,"US","Santa Clara, CA",3,0,1,NA,NA,NA,NA,"CA","California","Calif.","California"
"649",2020-03-02,"US","Santa Clara, CA",9,0,1,NA,NA,NA,NA,"CA","California","Calif.","California"
"650",2020-03-03,"US","Santa Clara, CA",11,0,1,NA,NA,NA,NA,"CA","California","Calif.","California"
"651",2020-03-04,"US","Santa Clara, CA",11,0,1,NA,NA,NA,NA,"CA","California","Calif.","California"
"652",2020-03-05,"US","Santa Clara, CA",20,0,1,NA,NA,NA,NA,"CA","California","Calif.","California"
"653",2020-03-06,"US","Santa Clara, CA",20,0,1,NA,NA,NA,NA,"CA","California","Calif.","California"
"654",2020-03-07,"US","Santa Cruz County, CA",1,0,0,NA,NA,NA,NA,"CA","California","Calif.","California"
"655",2020-03-05,"US","Santa Rosa County, FL",1,0,0,NA,NA,NA,NA,"FL","Florida","Fla.","Florida"
"656",2020-03-06,"US","Santa Rosa County, FL",1,0,0,NA,NA,NA,NA,"FL","Florida","Fla.","Florida"
"657",2020-03-07,"US","Santa Rosa County, FL",1,0,0,NA,NA,NA,NA,"FL","Florida","Fla.","Florida"
"658",2020-03-08,"US","Santa Rosa County, FL",1,1,0,NA,NA,NA,NA,"FL","Florida","Fla.","Florida"
"659",2020-03-09,"US","Santa Rosa County, FL",1,1,0,NA,NA,NA,NA,"FL","Florida","Fla.","Florida"
"660",2020-03-02,"US","Sarasota, FL",1,0,0,NA,NA,NA,NA,"FL","Florida","Fla.","Florida"
"661",2020-03-03,"US","Sarasota, FL",1,0,0,NA,NA,NA,NA,"FL","Florida","Fla.","Florida"
"662",2020-03-04,"US","Sarasota, FL",1,0,0,NA,NA,NA,NA,"FL","Florida","Fla.","Florida"
"663",2020-03-05,"US","Sarasota, FL",1,0,0,NA,NA,NA,NA,"FL","Florida","Fla.","Florida"
"664",2020-03-06,"US","Sarasota, FL",1,0,0,NA,NA,NA,NA,"FL","Florida","Fla.","Florida"
"665",2020-03-07,"US","Sarasota, FL",1,0,0,NA,NA,NA,NA,"FL","Florida","Fla.","Florida"
"666",2020-03-08,"US","Sarasota, FL",1,0,0,NA,NA,NA,NA,"FL","Florida","Fla.","Florida"
"667",2020-03-09,"US","Sarasota, FL",1,0,0,NA,NA,NA,NA,"FL","Florida","Fla.","Florida"
"668",2020-03-07,"US","Saratoga County, NY",2,0,0,NA,NA,NA,NA,"NY","New York","N.Y.","New York"
"669",2020-03-08,"US","Saratoga County, NY",2,0,0,NA,NA,NA,NA,"NY","New York","N.Y.","New York"
"670",2020-03-09,"US","Saratoga County, NY",2,0,0,NA,NA,NA,NA,"NY","New York","N.Y.","New York"
"671",2020-02-01,"US","Seattle, WA",1,0,0,NA,NA,NA,NA,"WA","Washington","Wash.","Washington"
"672",2020-02-02,"US","Seattle, WA",1,0,0,NA,NA,NA,NA,"WA","Washington","Wash.","Washington"
"673",2020-02-03,"US","Seattle, WA",1,0,0,NA,NA,NA,NA,"WA","Washington","Wash.","Washington"
"674",2020-02-04,"US","Seattle, WA",1,0,0,NA,NA,NA,NA,"WA","Washington","Wash.","Washington"
"675",2020-02-05,"US","Seattle, WA",1,0,0,NA,NA,NA,NA,"WA","Washington","Wash.","Washington"
"676",2020-02-06,"US","Seattle, WA",1,0,0,NA,NA,NA,NA,"WA","Washington","Wash.","Washington"
"677",2020-02-07,"US","Seattle, WA",1,0,0,NA,NA,NA,NA,"WA","Washington","Wash.","Washington"
"678",2020-02-08,"US","Seattle, WA",1,0,0,NA,NA,NA,NA,"WA","Washington","Wash.","Washington"
"679",2020-02-09,"US","Seattle, WA",1,0,1,NA,NA,NA,NA,"WA","Washington","Wash.","Washington"
"680",2020-02-10,"US","Seattle, WA",1,0,1,NA,NA,NA,NA,"WA","Washington","Wash.","Washington"
"681",2020-02-11,"US","Seattle, WA",1,0,1,NA,NA,NA,NA,"WA","Washington","Wash.","Washington"
"682",2020-02-12,"US","Seattle, WA",1,0,1,NA,NA,NA,NA,"WA","Washington","Wash.","Washington"
"683",2020-02-13,"US","Seattle, WA",1,0,1,NA,NA,NA,NA,"WA","Washington","Wash.","Washington"
"684",2020-02-14,"US","Seattle, WA",1,0,1,NA,NA,NA,NA,"WA","Washington","Wash.","Washington"
"685",2020-02-15,"US","Seattle, WA",1,0,1,NA,NA,NA,NA,"WA","Washington","Wash.","Washington"
"686",2020-02-16,"US","Seattle, WA",1,0,1,NA,NA,NA,NA,"WA","Washington","Wash.","Washington"
"687",2020-02-17,"US","Seattle, WA",1,0,1,NA,NA,NA,NA,"WA","Washington","Wash.","Washington"
"688",2020-02-18,"US","Seattle, WA",1,0,1,NA,NA,NA,NA,"WA","Washington","Wash.","Washington"
"689",2020-02-19,"US","Seattle, WA",1,0,1,NA,NA,NA,NA,"WA","Washington","Wash.","Washington"
"690",2020-02-20,"US","Seattle, WA",1,0,1,NA,NA,NA,NA,"WA","Washington","Wash.","Washington"
"691",2020-02-21,"US","Seattle, WA",1,0,1,NA,NA,NA,NA,"WA","Washington","Wash.","Washington"
"692",2020-02-22,"US","Seattle, WA",1,0,1,NA,NA,NA,NA,"WA","Washington","Wash.","Washington"
"693",2020-02-23,"US","Seattle, WA",1,0,1,NA,NA,NA,NA,"WA","Washington","Wash.","Washington"
"694",2020-02-24,"US","Seattle, WA",1,0,1,NA,NA,NA,NA,"WA","Washington","Wash.","Washington"
"695",2020-02-25,"US","Seattle, WA",1,0,1,NA,NA,NA,NA,"WA","Washington","Wash.","Washington"
"696",2020-02-26,"US","Seattle, WA",1,0,1,NA,NA,NA,NA,"WA","Washington","Wash.","Washington"
"697",2020-02-27,"US","Seattle, WA",1,0,1,NA,NA,NA,NA,"WA","Washington","Wash.","Washington"
"698",2020-02-28,"US","Seattle, WA",1,0,1,NA,NA,NA,NA,"WA","Washington","Wash.","Washington"
"699",2020-02-29,"US","Seattle, WA",6,1,1,NA,NA,NA,NA,"WA","Washington","Wash.","Washington"
"700",2020-03-01,"US","Seattle, WA",9,1,1,NA,NA,NA,NA,"WA","Washington","Wash.","Washington"
"701",2020-03-09,"US","Shasta County, CA",1,0,0,NA,NA,NA,NA,"CA","California","Calif.","California"
"702",2020-03-08,"US","Shelby County, TN",1,0,0,NA,NA,NA,NA,"TN","Tennessee","Tenn.","Tennessee"
"703",2020-03-09,"US","Shelby County, TN",1,0,0,NA,NA,NA,NA,"TN","Tennessee","Tenn.","Tennessee"
"704",2020-02-29,"US","Snohomish County, WA",1,0,0,NA,NA,NA,NA,"WA","Washington","Wash.","Washington"
"705",2020-03-01,"US","Snohomish County, WA",2,0,0,NA,NA,NA,NA,"WA","Washington","Wash.","Washington"
"706",2020-03-02,"US","Snohomish County, WA",4,1,0,NA,NA,NA,NA,"WA","Washington","Wash.","Washington"
"707",2020-03-03,"US","Snohomish County, WA",6,1,0,NA,NA,NA,NA,"WA","Washington","Wash.","Washington"
"708",2020-03-04,"US","Snohomish County, WA",8,1,0,NA,NA,NA,NA,"WA","Washington","Wash.","Washington"
"709",2020-03-05,"US","Snohomish County, WA",18,1,0,NA,NA,NA,NA,"WA","Washington","Wash.","Washington"
"710",2020-03-06,"US","Snohomish County, WA",19,1,0,NA,NA,NA,NA,"WA","Washington","Wash.","Washington"
"711",2020-03-07,"US","Snohomish County, WA",27,1,0,NA,NA,NA,NA,"WA","Washington","Wash.","Washington"
"712",2020-03-08,"US","Snohomish County, WA",31,1,0,NA,NA,NA,NA,"WA","Washington","Wash.","Washington"
"713",2020-03-09,"US","Snohomish County, WA",31,1,0,NA,NA,NA,NA,"WA","Washington","Wash.","Washington"
"714",2020-03-02,"US","Sonoma County, CA",1,0,0,NA,NA,NA,NA,"CA","California","Calif.","California"
"715",2020-03-03,"US","Sonoma County, CA",1,0,0,NA,NA,NA,NA,"CA","California","Calif.","California"
"716",2020-03-04,"US","Sonoma County, CA",1,0,0,NA,NA,NA,NA,"CA","California","Calif.","California"
"717",2020-03-05,"US","Sonoma County, CA",1,0,0,NA,NA,NA,NA,"CA","California","Calif.","California"
"718",2020-03-06,"US","Sonoma County, CA",1,0,0,NA,NA,NA,NA,"CA","California","Calif.","California"
"719",2020-03-07,"US","Sonoma County, CA",1,0,0,NA,NA,NA,NA,"CA","California","Calif.","California"
"720",2020-03-08,"US","Sonoma County, CA",1,0,0,NA,NA,NA,NA,"CA","California","Calif.","California"
"721",2020-03-09,"US","Sonoma County, CA",3,0,0,NA,NA,NA,NA,"CA","California","Calif.","California"
"722",2020-03-09,"US","Spartanburg County, SC",1,0,0,NA,NA,NA,NA,"SC","South Carolina","S.C.","South Carolina"
"723",2020-03-08,"US","Spokane County, WA",1,0,0,NA,NA,NA,NA,"WA","Washington","Wash.","Washington"
"724",2020-03-09,"US","Spokane County, WA",1,0,0,NA,NA,NA,NA,"WA","Washington","Wash.","Washington"
"725",2020-03-08,"US","St. Louis County, MO",1,0,0,NA,NA,NA,NA,"MO","Missouri","Mo.","Missouri"
"726",2020-03-09,"US","St. Louis County, MO",1,0,0,NA,NA,NA,NA,"MO","Missouri","Mo.","Missouri"
"727",2020-03-06,"US","Suffolk County, MA",3,0,1,NA,NA,NA,NA,"MA","Massachusetts","Mass.","Massachusetts"
"728",2020-03-07,"US","Suffolk County, MA",3,0,1,NA,NA,NA,NA,"MA","Massachusetts","Mass.","Massachusetts"
"729",2020-03-08,"US","Suffolk County, MA",8,0,1,NA,NA,NA,NA,"MA","Massachusetts","Mass.","Massachusetts"
"730",2020-03-09,"US","Suffolk County, MA",8,0,1,NA,NA,NA,NA,"MA","Massachusetts","Mass.","Massachusetts"
"731",2020-03-08,"US","Suffolk County, NY",1,0,0,NA,NA,NA,NA,"NY","New York","N.Y.","New York"
"732",2020-03-09,"US","Suffolk County, NY",1,0,0,NA,NA,NA,NA,"NY","New York","N.Y.","New York"
"733",2020-03-06,"US","Summit County, CO",2,0,0,NA,NA,NA,NA,"CO","Colorado","Colo.","Colorado"
"734",2020-03-07,"US","Summit County, CO",2,0,0,NA,NA,NA,NA,"CO","Colorado","Colo.","Colorado"
"735",2020-03-08,"US","Summit County, CO",2,0,0,NA,NA,NA,NA,"CO","Colorado","Colo.","Colorado"
"736",2020-03-09,"US","Summit County, CO",2,0,0,NA,NA,NA,NA,"CO","Colorado","Colo.","Colorado"
"737",2020-02-01,"US","Tempe, AZ",1,0,0,NA,NA,NA,NA,"AZ","Arizona","Ariz.","Arizona"
"738",2020-02-02,"US","Tempe, AZ",1,0,0,NA,NA,NA,NA,"AZ","Arizona","Ariz.","Arizona"
"739",2020-02-03,"US","Tempe, AZ",1,0,0,NA,NA,NA,NA,"AZ","Arizona","Ariz.","Arizona"
"740",2020-02-04,"US","Tempe, AZ",1,0,0,NA,NA,NA,NA,"AZ","Arizona","Ariz.","Arizona"
"741",2020-02-05,"US","Tempe, AZ",1,0,0,NA,NA,NA,NA,"AZ","Arizona","Ariz.","Arizona"
"742",2020-02-06,"US","Tempe, AZ",1,0,0,NA,NA,NA,NA,"AZ","Arizona","Ariz.","Arizona"
"743",2020-02-07,"US","Tempe, AZ",1,0,0,NA,NA,NA,NA,"AZ","Arizona","Ariz.","Arizona"
"744",2020-02-08,"US","Tempe, AZ",1,0,0,NA,NA,NA,NA,"AZ","Arizona","Ariz.","Arizona"
"745",2020-02-09,"US","Tempe, AZ",1,0,0,NA,NA,NA,NA,"AZ","Arizona","Ariz.","Arizona"
"746",2020-02-10,"US","Tempe, AZ",1,0,0,NA,NA,NA,NA,"AZ","Arizona","Ariz.","Arizona"
"747",2020-02-11,"US","Tempe, AZ",1,0,0,NA,NA,NA,NA,"AZ","Arizona","Ariz.","Arizona"
"748",2020-02-12,"US","Tempe, AZ",1,0,0,NA,NA,NA,NA,"AZ","Arizona","Ariz.","Arizona"
"749",2020-02-13,"US","Tempe, AZ",1,0,0,NA,NA,NA,NA,"AZ","Arizona","Ariz.","Arizona"
"750",2020-02-14,"US","Tempe, AZ",1,0,0,NA,NA,NA,NA,"AZ","Arizona","Ariz.","Arizona"
"751",2020-02-15,"US","Tempe, AZ",1,0,0,NA,NA,NA,NA,"AZ","Arizona","Ariz.","Arizona"
"752",2020-02-16,"US","Tempe, AZ",1,0,0,NA,NA,NA,NA,"AZ","Arizona","Ariz.","Arizona"
"753",2020-02-17,"US","Tempe, AZ",1,0,0,NA,NA,NA,NA,"AZ","Arizona","Ariz.","Arizona"
"754",2020-02-18,"US","Tempe, AZ",1,0,0,NA,NA,NA,NA,"AZ","Arizona","Ariz.","Arizona"
"755",2020-02-19,"US","Tempe, AZ",1,0,0,NA,NA,NA,NA,"AZ","Arizona","Ariz.","Arizona"
"756",2020-02-20,"US","Tempe, AZ",1,0,0,NA,NA,NA,NA,"AZ","Arizona","Ariz.","Arizona"
"757",2020-02-21,"US","Tempe, AZ",1,0,0,NA,NA,NA,NA,"AZ","Arizona","Ariz.","Arizona"
"758",2020-02-22,"US","Tempe, AZ",1,0,0,NA,NA,NA,NA,"AZ","Arizona","Ariz.","Arizona"
"759",2020-02-23,"US","Tempe, AZ",1,0,0,NA,NA,NA,NA,"AZ","Arizona","Ariz.","Arizona"
"760",2020-02-24,"US","Tempe, AZ",1,0,0,NA,NA,NA,NA,"AZ","Arizona","Ariz.","Arizona"
"761",2020-02-25,"US","Tempe, AZ",1,0,1,NA,NA,NA,NA,"AZ","Arizona","Ariz.","Arizona"
"762",2020-02-26,"US","Tempe, AZ",1,0,1,NA,NA,NA,NA,"AZ","Arizona","Ariz.","Arizona"
"763",2020-02-27,"US","Tempe, AZ",1,0,1,NA,NA,NA,NA,"AZ","Arizona","Ariz.","Arizona"
"764",2020-02-28,"US","Tempe, AZ",1,0,1,NA,NA,NA,NA,"AZ","Arizona","Ariz.","Arizona"
"765",2020-02-29,"US","Tempe, AZ",1,0,1,NA,NA,NA,NA,"AZ","Arizona","Ariz.","Arizona"
"766",2020-03-01,"US","Tempe, AZ",1,0,1,NA,NA,NA,NA,"AZ","Arizona","Ariz.","Arizona"
"767",2020-03-02,"US","Tempe, AZ",1,0,1,NA,NA,NA,NA,"AZ","Arizona","Ariz.","Arizona"
"768",2020-03-03,"US","Tempe, AZ",1,0,1,NA,NA,NA,NA,"AZ","Arizona","Ariz.","Arizona"
"769",2020-03-04,"US","Tempe, AZ",1,0,1,NA,NA,NA,NA,"AZ","Arizona","Ariz.","Arizona"
"770",2020-03-05,"US","Tempe, AZ",1,0,1,NA,NA,NA,NA,"AZ","Arizona","Ariz.","Arizona"
"771",2020-03-06,"US","Tempe, AZ",1,0,1,NA,NA,NA,NA,"AZ","Arizona","Ariz.","Arizona"
"772",2020-02-21,"US","Travis, CA",5,0,0,NA,NA,NA,NA,"CA","California","Calif.","California"
"773",2020-02-22,"US","Travis, CA (From Diamond Princess)",5,0,0,NA,NA,NA,NA,"CA","California","Calif.","California"
"774",2020-02-23,"US","Travis, CA (From Diamond Princess)",5,0,0,NA,NA,NA,NA,"CA","California","Calif.","California"
"775",2020-02-24,"US","Travis, CA (From Diamond Princess)",0,0,0,NA,NA,NA,NA,"CA","California","Calif.","California"
"776",2020-02-25,"US","Travis, CA (From Diamond Princess)",0,0,0,NA,NA,NA,NA,"CA","California","Calif.","California"
"777",2020-02-26,"US","Travis, CA (From Diamond Princess)",0,0,0,NA,NA,NA,NA,"CA","California","Calif.","California"
"778",2020-02-27,"US","Travis, CA (From Diamond Princess)",0,0,0,NA,NA,NA,NA,"CA","California","Calif.","California"
"779",2020-02-28,"US","Travis, CA (From Diamond Princess)",0,0,0,NA,NA,NA,NA,"CA","California","Calif.","California"
"780",2020-02-29,"US","Travis, CA (From Diamond Princess)",0,0,0,NA,NA,NA,NA,"CA","California","Calif.","California"
"781",2020-03-01,"US","Travis, CA (From Diamond Princess)",0,0,0,NA,NA,NA,NA,"CA","California","Calif.","California"
"782",2020-03-02,"US","Travis, CA (From Diamond Princess)",0,0,0,NA,NA,NA,NA,"CA","California","Calif.","California"
"783",2020-03-03,"US","Travis, CA (From Diamond Princess)",0,0,0,NA,NA,NA,NA,"CA","California","Calif.","California"
"784",2020-03-04,"US","Travis, CA (From Diamond Princess)",0,0,0,NA,NA,NA,NA,"CA","California","Calif.","California"
"785",2020-03-05,"US","Travis, CA (From Diamond Princess)",0,0,0,NA,NA,NA,NA,"CA","California","Calif.","California"
"786",2020-03-06,"US","Travis, CA (From Diamond Princess)",0,0,0,NA,NA,NA,NA,"CA","California","Calif.","California"
"787",2020-03-07,"US","Travis, CA (From Diamond Princess)",0,0,0,NA,NA,NA,NA,"CA","California","Calif.","California"
"788",2020-03-08,"US","Travis, CA (From Diamond Princess)",0,0,0,NA,NA,NA,NA,"CA","California","Calif.","California"
"789",2020-03-09,"US","Travis, CA (From Diamond Princess)",0,0,0,NA,NA,NA,NA,"CA","California","Calif.","California"
"790",2020-03-07,"US","Tulsa County, OK",1,0,0,NA,NA,NA,NA,"OK","Oklahoma","Okla.","Oklahoma"
"791",2020-03-08,"US","Tulsa County, OK",1,0,0,NA,NA,NA,NA,"OK","Oklahoma","Okla.","Oklahoma"
"792",2020-03-09,"US","Tulsa County, OK",1,0,0,NA,NA,NA,NA,"OK","Oklahoma","Okla.","Oklahoma"
"793",2020-03-08,"US","Ulster County, NY",1,0,0,NA,NA,NA,NA,"NY","New York","N.Y.","New York"
"794",2020-03-09,"US","Ulster County, NY",1,0,0,NA,NA,NA,NA,"NY","New York","N.Y.","New York"
"795",2020-03-02,"US","Umatilla, OR",1,0,0,NA,NA,NA,NA,"OR","Oregon","Ore.","Oregon"
"796",2020-03-03,"US","Umatilla, OR",1,0,0,NA,NA,NA,NA,"OR","Oregon","Ore.","Oregon"
"797",2020-03-04,"US","Umatilla, OR",1,0,0,NA,NA,NA,NA,"OR","Oregon","Ore.","Oregon"
"798",2020-03-05,"US","Umatilla, OR",1,0,0,NA,NA,NA,NA,"OR","Oregon","Ore.","Oregon"
"799",2020-03-06,"US","Umatilla, OR",1,0,0,NA,NA,NA,NA,"OR","Oregon","Ore.","Oregon"
"800",2020-03-07,"US","Umatilla, OR",1,0,0,NA,NA,NA,NA,"OR","Oregon","Ore.","Oregon"
"801",2020-03-08,"US","Umatilla, OR",1,0,0,NA,NA,NA,NA,"OR","Oregon","Ore.","Oregon"
"802",2020-03-09,"US","Umatilla, OR",1,0,0,NA,NA,NA,NA,"OR","Oregon","Ore.","Oregon"
"803",2020-03-08,"US","Unassigned Location, VT",1,0,0,NA,NA,NA,NA,"VT","Vermont","Vt.","Vermont"
"804",2020-03-06,"US","Unassigned Location, WA",5,0,0,NA,NA,NA,NA,"WA","Washington","Wash.","Washington"
"805",2020-03-07,"US","Unassigned Location, WA",5,0,0,NA,NA,NA,NA,"WA","Washington","Wash.","Washington"
"806",2020-03-08,"US","Unassigned Location, WA",5,0,0,NA,NA,NA,NA,"WA","Washington","Wash.","Washington"
"807",2020-03-09,"US","Unassigned Location, WA",5,0,0,NA,NA,NA,NA,"WA","Washington","Wash.","Washington"
"808",2020-03-08,"US","Unknown Location, MA",1,0,0,NA,NA,NA,NA,"MA","Massachusetts","Mass.","Massachusetts"
"809",2020-03-09,"US","Unknown Location, MA",1,0,0,NA,NA,NA,NA,"MA","Massachusetts","Mass.","Massachusetts"
"810",2020-03-08,"US","Volusia County, FL",1,0,0,NA,NA,NA,NA,"FL","Florida","Fla.","Florida"
"811",2020-03-09,"US","Volusia County, FL",1,0,0,NA,NA,NA,NA,"FL","Florida","Fla.","Florida"
"812",2020-03-03,"US","Wake County, NC",1,0,0,NA,NA,NA,NA,"NC","North Carolina","N.C.","North Carolina"
"813",2020-03-04,"US","Wake County, NC",1,0,0,NA,NA,NA,NA,"NC","North Carolina","N.C.","North Carolina"
"814",2020-03-05,"US","Wake County, NC",1,0,0,NA,NA,NA,NA,"NC","North Carolina","N.C.","North Carolina"
"815",2020-03-06,"US","Wake County, NC",1,0,0,NA,NA,NA,NA,"NC","North Carolina","N.C.","North Carolina"
"816",2020-03-07,"US","Wake County, NC",1,0,0,NA,NA,NA,NA,"NC","North Carolina","N.C.","North Carolina"
"817",2020-03-08,"US","Wake County, NC",1,0,0,NA,NA,NA,NA,"NC","North Carolina","N.C.","North Carolina"
"818",2020-03-09,"US","Wake County, NC",1,0,0,NA,NA,NA,NA,"NC","North Carolina","N.C.","North Carolina"
"819",2020-03-03,"US","Washington County, OR",2,0,0,NA,NA,NA,NA,"OR","Oregon","Ore.","Oregon"
"820",2020-03-04,"US","Washington County, OR",2,0,0,NA,NA,NA,NA,"OR","Oregon","Ore.","Oregon"
"821",2020-03-05,"US","Washington County, OR",2,0,0,NA,NA,NA,NA,"OR","Oregon","Ore.","Oregon"
"822",2020-03-06,"US","Washington County, OR",2,0,0,NA,NA,NA,NA,"OR","Oregon","Ore.","Oregon"
"823",2020-03-07,"US","Washington County, OR",3,0,0,NA,NA,NA,NA,"OR","Oregon","Ore.","Oregon"
"824",2020-03-08,"US","Washington County, OR",8,0,0,NA,NA,NA,NA,"OR","Oregon","Ore.","Oregon"
"825",2020-03-09,"US","Washington County, OR",8,0,0,NA,NA,NA,NA,"OR","Oregon","Ore.","Oregon"
"826",2020-03-06,"US","Washoe County, NV",1,0,0,NA,NA,NA,NA,"NV","Nevada","Nev.","Nevada"
"827",2020-03-07,"US","Washoe County, NV",1,0,0,NA,NA,NA,NA,"NV","Nevada","Nev.","Nevada"
"828",2020-03-08,"US","Washoe County, NV",2,0,0,NA,NA,NA,NA,"NV","Nevada","Nev.","Nevada"
"829",2020-03-09,"US","Washoe County, NV",2,0,0,NA,NA,NA,NA,"NV","Nevada","Nev.","Nevada"
"830",2020-03-06,"US","Wayne County, PA",1,0,0,NA,NA,NA,NA,"PA","Pennsylvania","Pa.","Pennsylvania"
"831",2020-03-07,"US","Wayne County, PA",1,0,0,NA,NA,NA,NA,"PA","Pennsylvania","Pa.","Pennsylvania"
"832",2020-03-08,"US","Wayne County, PA",1,0,0,NA,NA,NA,NA,"PA","Pennsylvania","Pa.","Pennsylvania"
"833",2020-03-09,"US","Wayne County, PA",1,0,0,NA,NA,NA,NA,"PA","Pennsylvania","Pa.","Pennsylvania"
"834",2020-03-03,"US","Westchester County, NY",1,0,0,NA,NA,NA,NA,"NY","New York","N.Y.","New York"
"835",2020-03-04,"US","Westchester County, NY",10,0,0,NA,NA,NA,NA,"NY","New York","N.Y.","New York"
"836",2020-03-05,"US","Westchester County, NY",18,0,0,NA,NA,NA,NA,"NY","New York","N.Y.","New York"
"837",2020-03-06,"US","Westchester County, NY",19,0,0,NA,NA,NA,NA,"NY","New York","N.Y.","New York"
"838",2020-03-07,"US","Westchester County, NY",57,0,0,NA,NA,NA,NA,"NY","New York","N.Y.","New York"
"839",2020-03-08,"US","Westchester County, NY",83,0,0,NA,NA,NA,NA,"NY","New York","N.Y.","New York"
"840",2020-03-09,"US","Westchester County, NY",98,0,0,NA,NA,NA,NA,"NY","New York","N.Y.","New York"
"841",2020-03-05,"US","Williamson County, TN",1,0,0,NA,NA,NA,NA,"TN","Tennessee","Tenn.","Tennessee"
"842",2020-03-06,"US","Williamson County, TN",1,0,0,NA,NA,NA,NA,"TN","Tennessee","Tenn.","Tennessee"
"843",2020-03-07,"US","Williamson County, TN",1,0,0,NA,NA,NA,NA,"TN","Tennessee","Tenn.","Tennessee"
"844",2020-03-08,"US","Williamson County, TN",1,0,0,NA,NA,NA,NA,"TN","Tennessee","Tenn.","Tennessee"
"845",2020-03-09,"US","Williamson County, TN",1,0,0,NA,NA,NA,NA,"TN","Tennessee","Tenn.","Tennessee"
"846",2020-03-06,"US","Yolo County, CA",1,0,0,NA,NA,NA,NA,"CA","California","Calif.","California"
"847",2020-03-07,"US","Yolo County, CA",1,0,0,NA,NA,NA,NA,"CA","California","Calif.","California"
"848",2020-03-08,"US","Yolo County, CA",1,0,0,NA,NA,NA,NA,"CA","California","Calif.","California"
"849",2020-03-09,"US","Yolo County, CA",1,0,0,NA,NA,NA,NA,"CA","California","Calif.","California"
